,0,1,2,3,4,5,6,7,8,9,10,11,12,13,14,15,16,17,18,19,20,21,22,23,24,25
0,0.41371246340256873,0.4398629228388237,0.45193420473070894,0.46296971839511303,0.4909177646524307,0.5052172188357509,0.5256057642893265,0.5329441780801298,0.5374535232575148,0.5487412527669623,0.5534407123131759,0.5592511780859073,0.5794253992289533,0.5884710487181456,0.5984129806368728,0.6563526417298904,0.7333203955747521,0.738029288929032,0.7583477438942053,0.7646899203547232,0.7993556429037926,0.8312432261154178,0.8496418715376696,0.8639554687824533,0.8776444254815916,0.8944337752679133
1,0.41371246340256873,0.4398629228388237,0.45193420473070894,0.46296971839511303,0.4909177646524307,0.49341397182582536,0.5256057642893265,0.5329441780801298,0.5374535232575148,0.5534407123131759,0.5592511780859073,0.5647351768630946,0.5794253992289533,0.5884710487181456,0.5984129806368728,0.6563526417298904,0.7333203955747521,0.738029288929032,0.7583477438942053,0.7646899203547232,0.7993556429037926,0.8312432261154178,0.8496418715376696,0.8639554687824533,0.8776444254815916,0.8944337752679133
2,0.41371246340256873,0.4398629228388237,0.45193420473070894,0.46296971839511303,0.4909177646524307,0.49341397182582536,0.5256057642893265,0.5329441780801298,0.5374535232575148,0.5534407123131759,0.5592511780859073,0.5647351768630946,0.5794253992289533,0.5884710487181456,0.5984129806368728,0.6563526417298904,0.7105671967910547,0.7333203955747521,0.738029288929032,0.7583477438942053,0.7993556429037926,0.8496418715376696,0.8639554687824533,0.8751804049754183,0.8776444254815916,0.8944337752679133
3,0.41371246340256873,0.4398629228388237,0.4520159283225487,0.46296971839511303,0.4909177646524307,0.49341397182582536,0.5256057642893265,0.5329441780801298,0.5365776134178865,0.5534407123131759,0.5592511780859073,0.5647351768630946,0.5794253992289533,0.5884710487181456,0.5984129806368728,0.6563526417298904,0.7105671967910547,0.7333203955747521,0.738029288929032,0.7583477438942053,0.7993556429037926,0.8496418715376696,0.8639554687824533,0.8751804049754183,0.8776444254815916,0.8944337752679133
4,0.41371246340256873,0.4398629228388237,0.4520159283225487,0.46296971839511303,0.4909177646524307,0.49341397182582536,0.5256057642893265,0.5329441780801298,0.5365776134178865,0.5534407123131759,0.5592511780859073,0.5647351768630946,0.5794253992289533,0.5884710487181456,0.5984129806368728,0.6563526417298904,0.6923917457814699,0.7333203955747521,0.738029288929032,0.7583477438942053,0.8397981867308247,0.8496418715376696,0.8639554687824533,0.8751804049754183,0.8776444254815916,0.8944337752679133
5,0.42354493753629213,0.4398629228388237,0.4520159283225487,0.46296971839511303,0.4909177646524307,0.49341397182582536,0.5142761221205211,0.5329441780801298,0.5365776134178865,0.5534407123131759,0.5592511780859073,0.5647351768630946,0.5794253992289533,0.5884710487181456,0.5984129806368728,0.6563526417298904,0.6923917457814699,0.7333203955747521,0.738029288929032,0.7583477438942053,0.8397981867308247,0.8496418715376696,0.8639554687824533,0.8751804049754183,0.8776444254815916,0.8944337752679133
6,0.42354493753629213,0.4398629228388237,0.4520159283225487,0.46296971839511303,0.4909177646524307,0.5115108187067526,0.5142761221205211,0.5329441780801298,0.5365776134178865,0.5413447717400345,0.5534407123131759,0.5592511780859073,0.5794253992289533,0.5884710487181456,0.5984129806368728,0.6563526417298904,0.6923917457814699,0.7333203955747521,0.738029288929032,0.7583477438942053,0.8397981867308247,0.8496418715376696,0.8639554687824533,0.8751804049754183,0.8776444254815916,0.8944337752679133
7,0.42354493753629213,0.4398629228388237,0.4520159283225487,0.4582729027757496,0.4909177646524307,0.5115108187067526,0.5142761221205211,0.5329441780801298,0.5365776134178865,0.5413447717400345,0.5534407123131759,0.5592511780859073,0.5794253992289533,0.5884710487181456,0.6019655777942835,0.6563526417298904,0.6923917457814699,0.7333203955747521,0.738029288929032,0.7583477438942053,0.8397981867308247,0.8496418715376696,0.8639554687824533,0.8751804049754183,0.8776444254815916,0.8944337752679133
8,0.42354493753629213,0.4398629228388237,0.4520159283225487,0.4582729027757496,0.4909177646524307,0.5115108187067526,0.5142761221205211,0.5329441780801298,0.5365776134178865,0.5413447717400345,0.5534407123131759,0.5592511780859073,0.5794253992289533,0.5884710487181456,0.6019655777942835,0.6563526417298904,0.6923917457814699,0.7333203955747521,0.738029288929032,0.7740866782821781,0.8397981867308247,0.8496418715376696,0.8639554687824533,0.8695257679213751,0.8751804049754183,0.8944337752679133
9,0.42354493753629213,0.4398629228388237,0.4520159283225487,0.4582729027757496,0.4826121781036096,0.4909177646524307,0.5115108187067526,0.5365776134178865,0.5413447717400345,0.5534407123131759,0.5592511780859073,0.5622426684063383,0.5794253992289533,0.5884710487181456,0.6019655777942835,0.6563526417298904,0.6923917457814699,0.7333203955747521,0.738029288929032,0.7740866782821781,0.8397981867308247,0.8496418715376696,0.8639554687824533,0.8695257679213751,0.8751804049754183,0.8944337752679133
10,0.42354493753629213,0.4398629228388237,0.4520159283225487,0.4582729027757496,0.4826121781036096,0.4909177646524307,0.5115108187067526,0.5365776134178865,0.5413447717400345,0.5534407123131759,0.5592511780859073,0.5622426684063383,0.5794253992289533,0.5884710487181456,0.6019655777942835,0.6563526417298904,0.6923917457814699,0.7333203955747521,0.738029288929032,0.7740866782821781,0.8423770798381806,0.8496418715376696,0.8639554687824533,0.8670018866429763,0.8751804049754183,0.8944337752679133
11,0.42354493753629213,0.4398629228388237,0.44757097294408354,0.4582729027757496,0.4826121781036096,0.4909177646524307,0.5115108187067526,0.5365776134178865,0.5413447717400345,0.5534407123131759,0.5592511780859073,0.5622426684063383,0.5794253992289533,0.5916021605792138,0.6019655777942835,0.6563526417298904,0.6923917457814699,0.7333203955747521,0.738029288929032,0.7740866782821781,0.8423770798381806,0.8496418715376696,0.8639554687824533,0.8670018866429763,0.8751804049754183,0.8944337752679133
12,0.42354493753629213,0.4398629228388237,0.44757097294408354,0.4582729027757496,0.4826121781036096,0.4909177646524307,0.5115108187067526,0.5365776134178865,0.5413447717400345,0.5534407123131759,0.5592511780859073,0.5622426684063383,0.5794253992289533,0.5916021605792138,0.6019655777942835,0.6563526417298904,0.6923917457814699,0.7333203955747521,0.738029288929032,0.7454483788639836,0.8423770798381806,0.8496418715376696,0.8639554687824533,0.8670018866429763,0.8934477099674726,0.8944337752679133
13,0.42354493753629213,0.4398629228388237,0.44757097294408354,0.4582729027757496,0.4826121781036096,0.4909177646524307,0.5115108187067526,0.5365776134178865,0.5413447717400345,0.5534407123131759,0.5592511780859073,0.5622426684063383,0.5794253992289533,0.5916021605792138,0.6019655777942835,0.6563526417298904,0.6923917457814699,0.7333203955747521,0.738029288929032,0.7454483788639836,0.8423770798381806,0.8496418715376696,0.8605526996480392,0.8670018866429763,0.8934477099674726,0.8982164589150784
14,0.42354493753629213,0.4398629228388237,0.44757097294408354,0.4582729027757496,0.4826121781036096,0.4909177646524307,0.5115108187067526,0.5365776134178865,0.5413447717400345,0.5534407123131759,0.5592511780859073,0.5622426684063383,0.5794253992289533,0.5916021605792138,0.6019655777942835,0.6563526417298904,0.6923917457814699,0.7337955979309191,0.738029288929032,0.7454483788639836,0.8423770798381806,0.8496418715376696,0.8605526996480392,0.8670018866429763,0.8934477099674726,0.8984908173962488
15,0.42354493753629213,0.4398629228388237,0.44757097294408354,0.4582729027757496,0.4826121781036096,0.4909177646524307,0.5115108187067526,0.5365776134178865,0.5413447717400345,0.5534407123131759,0.5592511780859073,0.5622426684063383,0.5794253992289533,0.5916021605792138,0.6019655777942835,0.6563526417298904,0.6890377122959515,0.7337955979309191,0.738029288929032,0.7454483788639836,0.8445123274753058,0.8496418715376696,0.8605526996480392,0.8670018866429763,0.8934477099674726,0.8984908173962488
16,0.42354493753629213,0.4398629228388237,0.44757097294408354,0.4582729027757496,0.4826121781036096,0.4909177646524307,0.5085007873550725,0.5365776134178865,0.5449876055149767,0.5534407123131759,0.5592511780859073,0.5622426684063383,0.5794253992289533,0.5916021605792138,0.6019655777942835,0.6563526417298904,0.6890377122959515,0.7337955979309191,0.738029288929032,0.7454483788639836,0.8445123274753058,0.8496418715376696,0.8605526996480392,0.8670018866429763,0.8934477099674726,0.8984908173962488
17,0.42354493753629213,0.44757097294408354,0.4582729027757496,0.4605015088758003,0.4826121781036096,0.4909177646524307,0.5085007873550725,0.5365776134178865,0.5449876055149767,0.5534407123131759,0.5592511780859073,0.5622426684063383,0.5794253992289533,0.5916021605792138,0.6019655777942835,0.6563526417298904,0.6890377122959515,0.7090840195438546,0.7337955979309191,0.738029288929032,0.8445123274753058,0.8496418715376696,0.8605526996480392,0.8670018866429763,0.8934477099674726,0.8984908173962488
18,0.42354493753629213,0.44757097294408354,0.4582729027757496,0.4605015088758003,0.4826121781036096,0.4909177646524307,0.5099713899647118,0.5365776134178865,0.5449876055149767,0.5534407123131759,0.5592511780859073,0.5622426684063383,0.5777274954086538,0.5916021605792138,0.6019655777942835,0.6563526417298904,0.6890377122959515,0.7090840195438546,0.7337955979309191,0.738029288929032,0.8445123274753058,0.8496418715376696,0.8605526996480392,0.8670018866429763,0.8934477099674726,0.8984908173962488
19,0.42354493753629213,0.44757097294408354,0.4582729027757496,0.4605015088758003,0.4826121781036096,0.4909177646524307,0.5099713899647118,0.5365776134178865,0.5449876055149767,0.5534407123131759,0.5592511780859073,0.5622426684063383,0.5754057507663952,0.5916021605792138,0.6019655777942835,0.6565663164754058,0.6890377122959515,0.7090840195438546,0.7337955979309191,0.738029288929032,0.8445123274753058,0.8496418715376696,0.8605526996480392,0.8670018866429763,0.8934477099674726,0.8984908173962488
20,0.42354493753629213,0.44757097294408354,0.4582729027757496,0.4605015088758003,0.4826121781036096,0.4909177646524307,0.5003371972542902,0.5365776134178865,0.5534407123131759,0.5558917955370558,0.5592511780859073,0.5622426684063383,0.5754057507663952,0.5916021605792138,0.6019655777942835,0.6565663164754058,0.6890377122959515,0.7090840195438546,0.7337955979309191,0.738029288929032,0.8445123274753058,0.8496418715376696,0.8605526996480392,0.8670018866429763,0.8934477099674726,0.8984908173962488
21,0.42354493753629213,0.44757097294408354,0.4582729027757496,0.4605015088758003,0.4909177646524307,0.49460285223490685,0.5003371972542902,0.5365776134178865,0.550682875770836,0.5534407123131759,0.5558917955370558,0.5592511780859073,0.5754057507663952,0.5916021605792138,0.6019655777942835,0.6565663164754058,0.6890377122959515,0.7090840195438546,0.7337955979309191,0.738029288929032,0.8445123274753058,0.8496418715376696,0.8605526996480392,0.8670018866429763,0.8934477099674726,0.8984908173962488
22,0.42354493753629213,0.44757097294408354,0.4582729027757496,0.4605015088758003,0.4909177646524307,0.49460285223490685,0.5003371972542902,0.5365776134178865,0.550682875770836,0.5534407123131759,0.5558917955370558,0.5592511780859073,0.5754057507663952,0.5916021605792138,0.6019655777942835,0.6554898613797686,0.6897930371582501,0.7090840195438546,0.7337955979309191,0.738029288929032,0.8445123274753058,0.8496418715376696,0.8605526996480392,0.8670018866429763,0.8934477099674726,0.8984908173962488
23,0.42354493753629213,0.44757097294408354,0.4582729027757496,0.4605015088758003,0.4909177646524307,0.49460285223490685,0.5003371972542902,0.5365776134178865,0.550682875770836,0.5534407123131759,0.5558917955370558,0.5592511780859073,0.5754057507663952,0.5916021605792138,0.6019655777942835,0.6554898613797686,0.6897930371582501,0.7090840195438546,0.7337955979309191,0.738029288929032,0.8445123274753058,0.8496418715376696,0.8605526996480392,0.864934706919545,0.8954369781484653,0.8984908173962488
24,0.42354493753629213,0.44757097294408354,0.4582729027757496,0.4605015088758003,0.4909177646524307,0.49460285223490685,0.5087931841102226,0.5365776134178865,0.5470523598757034,0.550682875770836,0.5534407123131759,0.5592511780859073,0.5754057507663952,0.5916021605792138,0.6019655777942835,0.6554898613797686,0.6897930371582501,0.7090840195438546,0.7337955979309191,0.738029288929032,0.8445123274753058,0.8496418715376696,0.8605526996480392,0.864934706919545,0.8954369781484653,0.8984908173962488
25,0.42354493753629213,0.44757097294408354,0.4582729027757496,0.4605015088758003,0.4909177646524307,0.49460285223490685,0.5087931841102226,0.5365776134178865,0.5470523598757034,0.550682875770836,0.5534407123131759,0.5592511780859073,0.5754057507663952,0.5916021605792138,0.6019655777942835,0.6554898613797686,0.6997400496651068,0.7090840195438546,0.7337955979309191,0.738029288929032,0.8126931336283431,0.8496418715376696,0.8605526996480392,0.864934706919545,0.8954369781484653,0.8984908173962488
26,0.42354493753629213,0.44757097294408354,0.4582729027757496,0.4605015088758003,0.4909177646524307,0.49460285223490685,0.5087931841102226,0.5365776134178865,0.5470523598757034,0.550682875770836,0.5534407123131759,0.5592511780859073,0.5754057507663952,0.5916021605792138,0.6019655777942835,0.6554898613797686,0.6997400496651068,0.7090840195438546,0.7337955979309191,0.738029288929032,0.8126931336283431,0.8496418715376696,0.8605526996480392,0.8693793150378716,0.8907940669989357,0.8984908173962488
27,0.42354493753629213,0.44757097294408354,0.4582729027757496,0.4605015088758003,0.4909177646524307,0.49460285223490685,0.5087931841102226,0.5365776134178865,0.5470523598757034,0.550682875770836,0.5534407123131759,0.5592511780859073,0.5754057507663952,0.5916021605792138,0.6019655777942835,0.6554898613797686,0.6997400496651068,0.7090840195438546,0.7337955979309191,0.738029288929032,0.8126931336283431,0.8579626070381333,0.8605526996480392,0.8693793150378716,0.8866428624591361,0.8907940669989357
28,0.42354493753629213,0.44757097294408354,0.4582729027757496,0.4605015088758003,0.4909177646524307,0.49460285223490685,0.5087931841102226,0.5365776134178865,0.5470523598757034,0.550682875770836,0.5534407123131759,0.5592511780859073,0.5754057507663952,0.5916021605792138,0.6019655777942835,0.6554898613797686,0.6997400496651068,0.7090840195438546,0.7337955979309191,0.738029288929032,0.8126931336283431,0.8524529423324881,0.8605526996480392,0.8693793150378716,0.8907940669989357,0.8918981485108337
29,0.42354493753629213,0.42867237180271905,0.44757097294408354,0.4582729027757496,0.4909177646524307,0.49460285223490685,0.5087931841102226,0.5365776134178865,0.5470523598757034,0.550682875770836,0.5534407123131759,0.5592511780859073,0.5754057507663952,0.5916021605792138,0.6019655777942835,0.6554898613797686,0.6997400496651068,0.7337955979309191,0.738029288929032,0.7404569824000851,0.8126931336283431,0.8524529423324881,0.8605526996480392,0.8693793150378716,0.8907940669989357,0.8918981485108337
30,0.42354493753629213,0.42867237180271905,0.44757097294408354,0.4582729027757496,0.4909177646524307,0.49460285223490685,0.5087931841102226,0.5365776134178865,0.5470523598757034,0.550682875770836,0.5534407123131759,0.5592511780859073,0.5754057507663952,0.5916021605792138,0.6019655777942835,0.6554898613797686,0.6997400496651068,0.7355630207712649,0.7359947262179273,0.7404569824000851,0.8126931336283431,0.8524529423324881,0.8605526996480392,0.8693793150378716,0.8907940669989357,0.8918981485108337
31,0.42354493753629213,0.42867237180271905,0.44757097294408354,0.4582729027757496,0.4909177646524307,0.49460285223490685,0.49578761320140435,0.5365776134178865,0.550682875770836,0.5534407123131759,0.5592511780859073,0.5628233948292206,0.5754057507663952,0.5916021605792138,0.6019655777942835,0.6554898613797686,0.6997400496651068,0.7355630207712649,0.7359947262179273,0.7404569824000851,0.8126931336283431,0.8524529423324881,0.8605526996480392,0.8693793150378716,0.8907940669989357,0.8918981485108337
32,0.42354493753629213,0.42867237180271905,0.44757097294408354,0.4582729027757496,0.4909177646524307,0.49460285223490685,0.5034805679989975,0.5365776134178865,0.550682875770836,0.5534407123131759,0.5536659472305239,0.5592511780859073,0.5754057507663952,0.5916021605792138,0.6019655777942835,0.6554898613797686,0.6997400496651068,0.7355630207712649,0.7359947262179273,0.7404569824000851,0.8126931336283431,0.8524529423324881,0.8605526996480392,0.8693793150378716,0.8907940669989357,0.8918981485108337
33,0.42354493753629213,0.42867237180271905,0.44757097294408354,0.4582729027757496,0.4909177646524307,0.49460285223490685,0.5082516836980561,0.5365776134178865,0.5473336525096048,0.550682875770836,0.5534407123131759,0.5592511780859073,0.5754057507663952,0.5916021605792138,0.6019655777942835,0.6554898613797686,0.6997400496651068,0.7355630207712649,0.7359947262179273,0.7404569824000851,0.8126931336283431,0.8524529423324881,0.8605526996480392,0.8693793150378716,0.8907940669989357,0.8918981485108337
34,0.42354493753629213,0.42867237180271905,0.44757097294408354,0.4582729027757496,0.4909177646524307,0.49460285223490685,0.5045924023983157,0.5365776134178865,0.550682875770836,0.5512642031997517,0.5534407123131759,0.5592511780859073,0.5754057507663952,0.5916021605792138,0.6019655777942835,0.6554898613797686,0.6997400496651068,0.7355630207712649,0.7359947262179273,0.7404569824000851,0.8126931336283431,0.8524529423324881,0.8605526996480392,0.8693793150378716,0.8907940669989357,0.8918981485108337
35,0.42354493753629213,0.42867237180271905,0.44757097294408354,0.46128019819568705,0.4909177646524307,0.49460285223490685,0.5045924023983157,0.5365776134178865,0.550682875770836,0.5512642031997517,0.5534407123131759,0.5592511780859073,0.5754057507663952,0.5916021605792138,0.6013291352885448,0.6554898613797686,0.6997400496651068,0.7355630207712649,0.7359947262179273,0.7404569824000851,0.8126931336283431,0.8524529423324881,0.8605526996480392,0.8693793150378716,0.8907940669989357,0.8918981485108337
36,0.42354493753629213,0.42867237180271905,0.46128019819568705,0.4727112804198679,0.4909177646524307,0.49460285223490685,0.5045924023983157,0.5365776134178865,0.550682875770836,0.5512642031997517,0.5534407123131759,0.5592511780859073,0.5719181301752128,0.5754057507663952,0.6013291352885448,0.6554898613797686,0.6997400496651068,0.7355630207712649,0.7359947262179273,0.7404569824000851,0.8126931336283431,0.8524529423324881,0.8605526996480392,0.8693793150378716,0.8907940669989357,0.8918981485108337
37,0.42354493753629213,0.42867237180271905,0.46128019819568705,0.4727112804198679,0.4909177646524307,0.49460285223490685,0.5045924023983157,0.5365776134178865,0.550682875770836,0.5512642031997517,0.5534407123131759,0.5592511780859073,0.5719181301752128,0.5754057507663952,0.6013291352885448,0.6554898613797686,0.6997400496651068,0.7355630207712649,0.7359947262179273,0.7404569824000851,0.8126931336283431,0.8524529423324881,0.8605526996480392,0.8648855123514902,0.8918981485108337,0.894925508044918
38,0.42354493753629213,0.42867237180271905,0.46128019819568705,0.4727112804198679,0.4909177646524307,0.49460285223490685,0.5045924023983157,0.5365776134178865,0.550682875770836,0.5512642031997517,0.5534407123131759,0.5592511780859073,0.5719181301752128,0.5754057507663952,0.6013291352885448,0.6554898613797686,0.6997400496651068,0.7330463273701316,0.7355630207712649,0.7404569824000851,0.8126931336283431,0.8524529423324881,0.8605526996480392,0.8662615916324353,0.8918981485108337,0.894925508044918
39,0.42354493753629213,0.42867237180271905,0.46128019819568705,0.4727112804198679,0.4909177646524307,0.49460285223490685,0.5045924023983157,0.5365776134178865,0.550682875770836,0.5512642031997517,0.5534407123131759,0.5592511780859073,0.5719181301752128,0.5754057507663952,0.6013291352885448,0.6554898613797686,0.6997400496651068,0.7330463273701316,0.7355630207712649,0.7501676517589968,0.8126931336283431,0.8524529423324881,0.8605526996480392,0.8662615916324353,0.8918981485108337,0.8921045736019563
40,0.42354493753629213,0.42867237180271905,0.46128019819568705,0.4727112804198679,0.4909177646524307,0.49460285223490685,0.5045924023983157,0.5365776134178865,0.550682875770836,0.5512642031997517,0.554777686384968,0.5592511780859073,0.5719181301752128,0.5754057507663952,0.5997956447841527,0.6554898613797686,0.6997400496651068,0.7330463273701316,0.7355630207712649,0.7501676517589968,0.8126931336283431,0.8524529423324881,0.8605526996480392,0.8662615916324353,0.8918981485108337,0.8921045736019563
41,0.42354493753629213,0.42867237180271905,0.46128019819568705,0.4727112804198679,0.4909177646524307,0.49460285223490685,0.5045924023983157,0.5365776134178865,0.550682875770836,0.5512642031997517,0.554777686384968,0.5592511780859073,0.5719181301752128,0.5750621895008341,0.5997956447841527,0.6563181343402146,0.6997400496651068,0.7330463273701316,0.7355630207712649,0.7501676517589968,0.8126931336283431,0.8524529423324881,0.8605526996480392,0.8662615916324353,0.8918981485108337,0.8921045736019563
42,0.42354493753629213,0.42867237180271905,0.46128019819568705,0.4727112804198679,0.4909177646524307,0.49460285223490685,0.5121594166132319,0.5365776134178865,0.5440692027242282,0.550682875770836,0.554777686384968,0.5592511780859073,0.5719181301752128,0.5750621895008341,0.5997956447841527,0.6563181343402146,0.6997400496651068,0.7330463273701316,0.7355630207712649,0.7501676517589968,0.8126931336283431,0.8524529423324881,0.8605526996480392,0.8662615916324353,0.8918981485108337,0.8921045736019563
43,0.42354493753629213,0.42867237180271905,0.46128019819568705,0.4727112804198679,0.4909177646524307,0.49460285223490685,0.5121594166132319,0.5365776134178865,0.5440692027242282,0.550682875770836,0.554777686384968,0.5592511780859073,0.5719181301752128,0.5750621895008341,0.5997956447841527,0.6563181343402146,0.6997400496651068,0.7330463273701316,0.7355630207712649,0.7501676517589968,0.8126931336283431,0.8587069116001623,0.8605526996480392,0.8662615916324353,0.8858622754740525,0.8921045736019563
44,0.42354493753629213,0.4493299243394465,0.46128019819568705,0.4727112804198679,0.4909177646524307,0.49460285223490685,0.5121594166132319,0.5365776134178865,0.5440692027242282,0.550682875770836,0.554777686384968,0.5592511780859073,0.5719181301752128,0.5750621895008341,0.5997956447841527,0.6563181343402146,0.6997400496651068,0.7330463273701316,0.7355630207712649,0.7439223290358083,0.8126931336283431,0.8587069116001623,0.8605526996480392,0.8662615916324353,0.8858622754740525,0.8921045736019563
45,0.42354493753629213,0.4493299243394465,0.46128019819568705,0.4727112804198679,0.4909177646524307,0.49460285223490685,0.5121594166132319,0.5365776134178865,0.5440692027242282,0.550682875770836,0.554777686384968,0.5592511780859073,0.5719181301752128,0.5750621895008341,0.5997956447841527,0.6563181343402146,0.6997400496651068,0.7330463273701316,0.7355630207712649,0.7439223290358083,0.8126931336283431,0.8605526996480392,0.8662615916324353,0.8677003895494169,0.8789277100895199,0.8921045736019563
46,0.42354493753629213,0.4493299243394465,0.46128019819568705,0.4727112804198679,0.4909177646524307,0.49460285223490685,0.5121594166132319,0.5365776134178865,0.5440692027242282,0.550682875770836,0.554777686384968,0.5592511780859073,0.5719181301752128,0.5747116599180724,0.5997956447841527,0.6563181343402146,0.6997400496651068,0.7330463273701316,0.7341037150406832,0.7439223290358083,0.8126931336283431,0.8605526996480392,0.8662615916324353,0.8677003895494169,0.8789277100895199,0.8921045736019563
47,0.42354493753629213,0.4493299243394465,0.46128019819568705,0.4727112804198679,0.4909177646524307,0.49460285223490685,0.5121594166132319,0.5365776134178865,0.5440692027242282,0.550682875770836,0.554777686384968,0.5592511780859073,0.5719181301752128,0.5747116599180724,0.5997956447841527,0.6563181343402146,0.6997400496651068,0.7330463273701316,0.7341037150406832,0.7439223290358083,0.8126931336283431,0.8605526996480392,0.8662615916324353,0.8707351373830479,0.8785326997897841,0.8921045736019563
48,0.42354493753629213,0.4493299243394465,0.46128019819568705,0.4727112804198679,0.4909177646524307,0.49460285223490685,0.5087556421909198,0.5365776134178865,0.5459521422991286,0.550682875770836,0.554777686384968,0.5592511780859073,0.5719181301752128,0.5747116599180724,0.5997956447841527,0.6563181343402146,0.6997400496651068,0.7330463273701316,0.7341037150406832,0.7439223290358083,0.8126931336283431,0.8605526996480392,0.8662615916324353,0.8707351373830479,0.8785326997897841,0.8921045736019563
49,0.42354493753629213,0.4493299243394465,0.4727112804198679,0.48856621778723763,0.4909177646524307,0.49460285223490685,0.5087556421909198,0.5279919671372658,0.5365776134178865,0.5459521422991286,0.550682875770836,0.5592511780859073,0.5719181301752128,0.5747116599180724,0.5997956447841527,0.6563181343402146,0.6997400496651068,0.7330463273701316,0.7341037150406832,0.7439223290358083,0.8126931336283431,0.8605526996480392,0.8662615916324353,0.8707351373830479,0.8785326997897841,0.8921045736019563
50,0.4162486387197125,0.42354493753629213,0.4493299243394465,0.4727112804198679,0.4909177646524307,0.49460285223490685,0.5087556421909198,0.5365776134178865,0.5459521422991286,0.550682875770836,0.5592511780859073,0.5719181301752128,0.5747116599180724,0.5997956447841527,0.6097754443494192,0.6563181343402146,0.6997400496651068,0.7330463273701316,0.7341037150406832,0.7439223290358083,0.8126931336283431,0.8605526996480392,0.8662615916324353,0.8707351373830479,0.8785326997897841,0.8921045736019563
51,0.4162486387197125,0.42354493753629213,0.4493299243394465,0.4727112804198679,0.4909177646524307,0.49460285223490685,0.5087556421909198,0.5365776134178865,0.5459521422991286,0.550682875770836,0.5592511780859073,0.5719181301752128,0.5747116599180724,0.5997956447841527,0.6097754443494192,0.6665541010800532,0.6997400496651068,0.7246718649121756,0.7341037150406832,0.7439223290358083,0.8126931336283431,0.8605526996480392,0.8662615916324353,0.8707351373830479,0.8785326997897841,0.8921045736019563
52,0.4162486387197125,0.42354493753629213,0.4493299243394465,0.4727112804198679,0.4909177646524307,0.49460285223490685,0.5087556421909198,0.5365776134178865,0.5459521422991286,0.550682875770836,0.5592511780859073,0.5719181301752128,0.5747116599180724,0.5997956447841527,0.6097754443494192,0.6665541010800532,0.6997400496651068,0.7246718649121756,0.7341037150406832,0.7439223290358083,0.8126931336283431,0.8605526996480392,0.8707351373830479,0.871001026067864,0.8785326997897841,0.8877074701427374
53,0.4162486387197125,0.42354493753629213,0.4493299243394465,0.4727112804198679,0.4909177646524307,0.49460285223490685,0.5087556421909198,0.5365776134178865,0.5459521422991286,0.550682875770836,0.5592511780859073,0.5719181301752128,0.5747116599180724,0.5997956447841527,0.6097754443494192,0.6665541010800532,0.6997400496651068,0.7246718649121756,0.7341037150406832,0.7835524767469229,0.8126931336283431,0.8551108138150841,0.8605526996480392,0.8707351373830479,0.871001026067864,0.8785326997897841
54,0.4162486387197125,0.42354493753629213,0.4493299243394465,0.4727112804198679,0.4909177646524307,0.49460285223490685,0.5087556421909198,0.5365776134178865,0.5459521422991286,0.550682875770836,0.5592511780859073,0.5719181301752128,0.5919612987745339,0.5997956447841527,0.6097754443494192,0.6292028174069263,0.6997400496651068,0.7246718649121756,0.7341037150406832,0.7835524767469229,0.8126931336283431,0.8551108138150841,0.8605526996480392,0.8707351373830479,0.871001026067864,0.8785326997897841
55,0.4162486387197125,0.42354493753629213,0.4493299243394465,0.4727112804198679,0.4909177646524307,0.49460285223490685,0.5087556421909198,0.5365776134178865,0.5459521422991286,0.550682875770836,0.5592511780859073,0.5703258563485527,0.5719181301752128,0.5997956447841527,0.6097754443494192,0.6733342123044979,0.6997400496651068,0.7246718649121756,0.7341037150406832,0.7835524767469229,0.8126931336283431,0.8551108138150841,0.8605526996480392,0.8707351373830479,0.871001026067864,0.8785326997897841
56,0.4162486387197125,0.42354493753629213,0.4493299243394465,0.4727112804198679,0.4909177646524307,0.49460285223490685,0.5087556421909198,0.5365776134178865,0.5459521422991286,0.550682875770836,0.5592511780859073,0.5703258563485527,0.5719181301752128,0.5997956447841527,0.6097754443494192,0.679144683724922,0.6997400496651068,0.7211290628705953,0.7341037150406832,0.7835524767469229,0.8126931336283431,0.8551108138150841,0.8605526996480392,0.8707351373830479,0.871001026067864,0.8785326997897841
57,0.4162486387197125,0.42354493753629213,0.4493299243394465,0.4727112804198679,0.4909177646524307,0.49460285223490685,0.5087556421909198,0.5365776134178865,0.5459521422991286,0.550682875770836,0.5592511780859073,0.5703258563485527,0.5719181301752128,0.5997956447841527,0.6097754443494192,0.679144683724922,0.6813686865812574,0.7211290628705953,0.7341037150406832,0.7835524767469229,0.8328424617672127,0.8551108138150841,0.8605526996480392,0.8707351373830479,0.871001026067864,0.8785326997897841
58,0.4162486387197125,0.42354493753629213,0.42652845828671565,0.4727112804198679,0.4909177646524307,0.49460285223490685,0.5087556421909198,0.5365776134178865,0.5459521422991286,0.550682875770836,0.5592511780859073,0.5703258563485527,0.5719181301752128,0.5997956447841527,0.6097754443494192,0.679144683724922,0.6813686865812574,0.7211290628705953,0.7341037150406832,0.7949526986790556,0.8328424617672127,0.8551108138150841,0.8605526996480392,0.8707351373830479,0.871001026067864,0.8785326997897841
59,0.4162486387197125,0.42354493753629213,0.42652845828671565,0.4727112804198679,0.4909177646524307,0.49460285223490685,0.5087556421909198,0.5365776134178865,0.5459521422991286,0.550682875770836,0.5592511780859073,0.5703258563485527,0.5719181301752128,0.5997956447841527,0.6097754443494192,0.679144683724922,0.6813686865812574,0.7211290628705953,0.7341037150406832,0.7949526986790556,0.8328424617672127,0.8483927855514262,0.8551108138150841,0.8605526996480392,0.871001026067864,0.8942566635601834
60,0.4162486387197125,0.42354493753629213,0.42652845828671565,0.4727112804198679,0.4909177646524307,0.49460285223490685,0.5087556421909198,0.5365776134178865,0.5459521422991286,0.550682875770836,0.5592511780859073,0.5703258563485527,0.5719181301752128,0.5997956447841527,0.6097754443494192,0.6813686865812574,0.6953313301540248,0.7211290628705953,0.7341037150406832,0.7949526986790556,0.8231409760059595,0.8328424617672127,0.8551108138150841,0.8605526996480392,0.871001026067864,0.8942566635601834
61,0.4162486387197125,0.42354493753629213,0.42652845828671565,0.4727112804198679,0.4909177646524307,0.49460285223490685,0.5087556421909198,0.5365776134178865,0.5459521422991286,0.550682875770836,0.5592511780859073,0.5703258563485527,0.5719181301752128,0.5997956447841527,0.6097754443494192,0.6813686865812574,0.7003838979432143,0.7153710671753039,0.7341037150406832,0.7949526986790556,0.8231409760059595,0.8328424617672127,0.8551108138150841,0.8605526996480392,0.871001026067864,0.8942566635601834
62,0.4094349732626243,0.42354493753629213,0.42652845828671565,0.4727112804198679,0.4909177646524307,0.49460285223490685,0.5087556421909198,0.5365776134178865,0.5459521422991286,0.550682875770836,0.5592511780859073,0.5703258563485527,0.5719181301752128,0.5997956447841527,0.6095875626160234,0.6813686865812574,0.7003838979432143,0.7153710671753039,0.7341037150406832,0.7949526986790556,0.8231409760059595,0.8328424617672127,0.8551108138150841,0.8605526996480392,0.871001026067864,0.8942566635601834
63,0.4094349732626243,0.42354493753629213,0.42652845828671565,0.4727112804198679,0.4909177646524307,0.49460285223490685,0.5087556421909198,0.5365776134178865,0.5459521422991286,0.550682875770836,0.5592511780859073,0.5703258563485527,0.5719181301752128,0.5997956447841527,0.6095875626160234,0.6813686865812574,0.7041338963640213,0.7153710671753039,0.7341037150406832,0.7949526986790556,0.8231409760059595,0.8236866473725779,0.8551108138150841,0.8605526996480392,0.871001026067864,0.8942566635601834
64,0.4094349732626243,0.42354493753629213,0.42652845828671565,0.4727112804198679,0.4909177646524307,0.5081593865985995,0.5087556421909198,0.5365776134178865,0.5382611498657511,0.5459521422991286,0.5592511780859073,0.5703258563485527,0.5719181301752128,0.5997956447841527,0.6095875626160234,0.6813686865812574,0.7041338963640213,0.7153710671753039,0.7341037150406832,0.7949526986790556,0.8231409760059595,0.8236866473725779,0.8551108138150841,0.8605526996480392,0.871001026067864,0.8942566635601834
65,0.4094349732626243,0.42354493753629213,0.42652845828671565,0.4727112804198679,0.4909177646524307,0.5081593865985995,0.5087556421909198,0.5365776134178865,0.5382611498657511,0.5459521422991286,0.5592511780859073,0.5703258563485527,0.5719181301752128,0.5997956447841527,0.6095875626160234,0.6813686865812574,0.7041338963640213,0.7199589352471452,0.7341037150406832,0.7949526986790556,0.8231409760059595,0.8236866473725779,0.8551108138150841,0.8605526996480392,0.8672211631509207,0.8942566635601834
66,0.4094349732626243,0.42354493753629213,0.42652845828671565,0.4727112804198679,0.4909177646524307,0.5081593865985995,0.5087556421909198,0.5365776134178865,0.5382611498657511,0.5459521422991286,0.5592511780859073,0.5703258563485527,0.5719181301752128,0.5997956447841527,0.6095875626160234,0.6813686865812574,0.7041338963640213,0.7125628227305728,0.7341037150406832,0.7949526986790556,0.8231409760059595,0.8236866473725779,0.8551108138150841,0.8605526996480392,0.8741781687278347,0.8942566635601834
67,0.4094349732626243,0.42354493753629213,0.42652845828671565,0.4727112804198679,0.4909177646524307,0.5081593865985995,0.5087556421909198,0.5365776134178865,0.5372501031808669,0.5382611498657511,0.5592511780859073,0.5719181301752128,0.5799054794890491,0.5997956447841527,0.6095875626160234,0.6813686865812574,0.7041338963640213,0.7125628227305728,0.7341037150406832,0.7949526986790556,0.8231409760059595,0.8236866473725779,0.8551108138150841,0.8605526996480392,0.8741781687278347,0.8942566635601834
68,0.4094349732626243,0.42354493753629213,0.42652845828671565,0.4727112804198679,0.4909177646524307,0.5081593865985995,0.5087556421909198,0.5365776134178865,0.5372501031808669,0.5382611498657511,0.5592511780859073,0.5719181301752128,0.5799054794890491,0.5997956447841527,0.6095875626160234,0.6813686865812574,0.7041338963640213,0.7125628227305728,0.7341037150406832,0.7949526986790556,0.8236866473725779,0.8255247881753045,0.8551108138150841,0.8605526996480392,0.8741781687278347,0.8930811899751053
69,0.4094349732626243,0.42354493753629213,0.42780537526680307,0.4727112804198679,0.4909177646524307,0.5081593865985995,0.5087556421909198,0.5365776134178865,0.5372501031808669,0.5382611498657511,0.5592511780859073,0.5719181301752128,0.5799054794890491,0.5997956447841527,0.6095875626160234,0.6813686865812574,0.7041338963640213,0.7125628227305728,0.7341037150406832,0.7887766522336632,0.8236866473725779,0.8255247881753045,0.8551108138150841,0.8605526996480392,0.8741781687278347,0.8930811899751053
70,0.4094349732626243,0.42354493753629213,0.42780537526680307,0.4727112804198679,0.4909177646524307,0.5081593865985995,0.5087556421909198,0.5365776134178865,0.5372501031808669,0.5382611498657511,0.5592511780859073,0.5719181301752128,0.5799054794890491,0.5997956447841527,0.6095875626160234,0.6813686865812574,0.7041338963640213,0.7125628227305728,0.7341037150406832,0.7887766522336632,0.8236866473725779,0.8416154424833953,0.8551108138150841,0.8605526996480392,0.8741781687278347,0.8784803142365445
71,0.40785374640845107,0.42354493753629213,0.42780537526680307,0.4727112804198679,0.4909177646524307,0.5081593865985995,0.5087556421909198,0.5365776134178865,0.5372501031808669,0.5382611498657511,0.5592511780859073,0.5719181301752128,0.5799054794890491,0.6027546287875556,0.6095875626160234,0.6813686865812574,0.7041338963640213,0.7125628227305728,0.7341037150406832,0.7887766522336632,0.8236866473725779,0.8416154424833953,0.8551108138150841,0.8605526996480392,0.8741781687278347,0.8784803142365445
72,0.40785374640845107,0.42354493753629213,0.42780537526680307,0.4727112804198679,0.4909177646524307,0.5081593865985995,0.5087556421909198,0.5359335230746465,0.5365776134178865,0.5382611498657511,0.5592511780859073,0.5719181301752128,0.5820293175937371,0.6027546287875556,0.6095875626160234,0.6813686865812574,0.7041338963640213,0.7125628227305728,0.7341037150406832,0.7887766522336632,0.8236866473725779,0.8416154424833953,0.8551108138150841,0.8605526996480392,0.8741781687278347,0.8784803142365445
73,0.40785374640845107,0.42354493753629213,0.42780537526680307,0.4727112804198679,0.4909177646524307,0.5081593865985995,0.5087556421909198,0.5359335230746465,0.5365776134178865,0.5382611498657511,0.5592511780859073,0.5719181301752128,0.5820293175937371,0.6027546287875556,0.6095875626160234,0.6813686865812574,0.7041338963640213,0.7125628227305728,0.7380146915450974,0.7887766522336632,0.8236866473725779,0.8354963694760593,0.8551108138150841,0.8605526996480392,0.8741781687278347,0.8784803142365445
74,0.40785374640845107,0.42354493753629213,0.42780537526680307,0.4727112804198679,0.4909177646524307,0.5081593865985995,0.5087556421909198,0.5359335230746465,0.5365776134178865,0.5382611498657511,0.5592511780859073,0.5719181301752128,0.5820293175937371,0.6027546287875556,0.6095875626160234,0.6813686865812574,0.7041338963640213,0.7125628227305728,0.7380146915450974,0.8079665028851635,0.8236866473725779,0.8354963694760593,0.8382460923704246,0.8605526996480392,0.8741781687278347,0.8784803142365445
75,0.40785374640845107,0.42354493753629213,0.42649953936112855,0.4727112804198679,0.4909177646524307,0.5081593865985995,0.5087556421909198,0.5359335230746465,0.5365776134178865,0.5382611498657511,0.5592511780859073,0.5719181301752128,0.5820293175937371,0.6027546287875556,0.6095875626160234,0.6813686865812574,0.7041338963640213,0.7125628227305728,0.7380146915450974,0.8083303830176558,0.8236866473725779,0.8354963694760593,0.8382460923704246,0.8605526996480392,0.8741781687278347,0.8784803142365445
76,0.40785374640845107,0.42354493753629213,0.42649953936112855,0.4727112804198679,0.4909177646524307,0.5081593865985995,0.5087556421909198,0.5359335230746465,0.5365776134178865,0.5382611498657511,0.5592511780859073,0.5719181301752128,0.5820293175937371,0.6027546287875556,0.6095875626160234,0.6813686865812574,0.7041338963640213,0.7125628227305728,0.7380146915450974,0.8052667394395037,0.8236866473725779,0.8354963694760593,0.8382460923704246,0.8616500685782092,0.8741781687278347,0.8784803142365445
77,0.40785374640845107,0.42354493753629213,0.42649953936112855,0.4727112804198679,0.4909177646524307,0.5081593865985995,0.5087556421909198,0.5359335230746465,0.5365776134178865,0.5382611498657511,0.5592511780859073,0.5719181301752128,0.5820293175937371,0.6027546287875556,0.6095875626160234,0.6813686865812574,0.7041338963640213,0.7125628227305728,0.7380146915450974,0.8052667394395037,0.8236866473725779,0.8354963694760593,0.8360733906838779,0.8616500685782092,0.8758175840744139,0.8784803142365445
78,0.40785374640845107,0.42354493753629213,0.42649953936112855,0.4522714721191861,0.4909177646524307,0.5081593865985995,0.5087556421909198,0.5359335230746465,0.5365776134178865,0.5382611498657511,0.5592511780859073,0.5820293175937371,0.5872975693823708,0.6027546287875556,0.6095875626160234,0.6813686865812574,0.7041338963640213,0.7125628227305728,0.7380146915450974,0.8052667394395037,0.8236866473725779,0.8354963694760593,0.8360733906838779,0.8616500685782092,0.8758175840744139,0.8784803142365445
79,0.40785374640845107,0.42354493753629213,0.42649953936112855,0.45127430197540647,0.4909177646524307,0.5081593865985995,0.5087556421909198,0.5359335230746465,0.5375211999735694,0.5382611498657511,0.5592511780859073,0.5820293175937371,0.5872975693823708,0.6027546287875556,0.6095875626160234,0.6813686865812574,0.7041338963640213,0.7125628227305728,0.7380146915450974,0.8052667394395037,0.8236866473725779,0.8354963694760593,0.8360733906838779,0.8616500685782092,0.8758175840744139,0.8784803142365445
80,0.40785374640845107,0.42354493753629213,0.42649953936112855,0.45127430197540647,0.4909177646524307,0.5081593865985995,0.5087556421909198,0.5359335230746465,0.5375211999735694,0.5382611498657511,0.5592511780859073,0.5820293175937371,0.5872975693823708,0.6027546287875556,0.6095875626160234,0.6813686865812574,0.6994328930812078,0.7169071228112552,0.7380146915450974,0.8052667394395037,0.8236866473725779,0.8354963694760593,0.8360733906838779,0.8616500685782092,0.8758175840744139,0.8784803142365445
81,0.40785374640845107,0.42354493753629213,0.42649953936112855,0.45389996542918715,0.4909177646524307,0.5081593865985995,0.5087556421909198,0.5348915968936039,0.5359335230746465,0.5382611498657511,0.5592511780859073,0.5820293175937371,0.5872975693823708,0.6027546287875556,0.6095875626160234,0.6813686865812574,0.6994328930812078,0.7169071228112552,0.7380146915450974,0.8052667394395037,0.8236866473725779,0.8354963694760593,0.8360733906838779,0.8616500685782092,0.8758175840744139,0.8784803142365445
82,0.40785374640845107,0.42354493753629213,0.42649953936112855,0.4544535394286829,0.4909177646524307,0.5081593865985995,0.5087556421909198,0.5344324069201009,0.5359335230746465,0.5382611498657511,0.5592511780859073,0.5820293175937371,0.5872975693823708,0.6027546287875556,0.6095875626160234,0.6813686865812574,0.6994328930812078,0.7169071228112552,0.7380146915450974,0.8052667394395037,0.8236866473725779,0.8354963694760593,0.8360733906838779,0.8616500685782092,0.8758175840744139,0.8784803142365445
83,0.40785374640845107,0.42354493753629213,0.42649953936112855,0.4544535394286829,0.4909177646524307,0.5081593865985995,0.5087556421909198,0.5344324069201009,0.5359335230746465,0.5382611498657511,0.5592511780859073,0.5820293175937371,0.5872975693823708,0.6027546287875556,0.6095875626160234,0.6962642551671379,0.6994328930812078,0.7169071228112552,0.7380146915450974,0.8052667394395037,0.8215162208383405,0.8236866473725779,0.8354963694760593,0.8616500685782092,0.8758175840744139,0.8784803142365445
84,0.40785374640845107,0.42354493753629213,0.42649953936112855,0.4544535394286829,0.4909177646524307,0.5081593865985995,0.5087556421909198,0.5344324069201009,0.5359335230746465,0.5382611498657511,0.5592511780859073,0.5820293175937371,0.5872975693823708,0.6027546287875556,0.6095875626160234,0.6962642551671379,0.6994328930812078,0.7156759709455778,0.7380146915450974,0.8052667394395037,0.8215162208383405,0.8236866473725779,0.8354963694760593,0.8616500685782092,0.8777421011889176,0.8784803142365445
85,0.40785374640845107,0.42354493753629213,0.42649953936112855,0.4497633462347919,0.4909177646524307,0.5081593865985995,0.5087556421909198,0.5344324069201009,0.5359335230746465,0.5382611498657511,0.5592511780859073,0.5820293175937371,0.5935941111162524,0.6027546287875556,0.6095875626160234,0.6962642551671379,0.6994328930812078,0.7156759709455778,0.7380146915450974,0.8052667394395037,0.8215162208383405,0.8236866473725779,0.8354963694760593,0.8616500685782092,0.8777421011889176,0.8784803142365445
86,0.40785374640845107,0.42354493753629213,0.42649953936112855,0.4497633462347919,0.4909177646524307,0.5081593865985995,0.5087556421909198,0.5344324069201009,0.5359335230746465,0.5382611498657511,0.5619693194553916,0.5820293175937371,0.5935941111162524,0.6027546287875556,0.6095875626160234,0.6962642551671379,0.6994328930812078,0.7156759709455778,0.7354466985955594,0.8052667394395037,0.8215162208383405,0.8236866473725779,0.8354963694760593,0.8616500685782092,0.8777421011889176,0.8784803142365445
87,0.40785374640845107,0.42354493753629213,0.42649953936112855,0.4497633462347919,0.4909177646524307,0.5081593865985995,0.5087556421909198,0.5344324069201009,0.5359335230746465,0.5382611498657511,0.5619693194553916,0.5820293175937371,0.5935941111162524,0.6027546287875556,0.6095875626160234,0.6962642551671379,0.7010979398736586,0.7156759709455778,0.7354466985955594,0.8052667394395037,0.8215162208383405,0.8269622639473679,0.8354963694760593,0.8616500685782092,0.8777421011889176,0.8784803142365445
88,0.42354493753629213,0.42649953936112855,0.4497633462347919,0.4909177646524307,0.5016300970144624,0.5081593865985995,0.5087556421909198,0.5115539391297113,0.5344324069201009,0.5359335230746465,0.5382611498657511,0.5619693194553916,0.5820293175937371,0.5935941111162524,0.6027546287875556,0.6962642551671379,0.7010979398736586,0.7156759709455778,0.7354466985955594,0.8052667394395037,0.8215162208383405,0.8269622639473679,0.8354963694760593,0.8616500685782092,0.8777421011889176,0.8784803142365445
89,0.42354493753629213,0.42649953936112855,0.4497633462347919,0.4909177646524307,0.5016300970144624,0.5087556421909198,0.5115539391297113,0.5204571920158361,0.5263216006380519,0.5344324069201009,0.5359335230746465,0.5619693194553916,0.5820293175937371,0.5935941111162524,0.6027546287875556,0.6962642551671379,0.7010979398736586,0.7156759709455778,0.7354466985955594,0.8052667394395037,0.8215162208383405,0.8269622639473679,0.8354963694760593,0.8616500685782092,0.8777421011889176,0.8784803142365445
90,0.42354493753629213,0.42649953936112855,0.4497633462347919,0.4909177646524307,0.5016300970144624,0.5087556421909198,0.5115539391297113,0.5184185108715743,0.5287426561119011,0.5344324069201009,0.5359335230746465,0.5619693194553916,0.5820293175937371,0.5935941111162524,0.6027546287875556,0.6962642551671379,0.7010979398736586,0.7156759709455778,0.7354466985955594,0.8052667394395037,0.8215162208383405,0.8269622639473679,0.8354963694760593,0.8616500685782092,0.8777421011889176,0.8784803142365445
91,0.42354493753629213,0.42649953936112855,0.4497633462347919,0.4909177646524307,0.5016300970144624,0.5087556421909198,0.5115539391297113,0.5184185108715743,0.5287426561119011,0.5344324069201009,0.5359335230746465,0.5619693194553916,0.5880912211931567,0.5935941111162524,0.6027546287875556,0.6962642551671379,0.7010979398736586,0.7156759709455778,0.7354466985955594,0.8052667394395037,0.8132114306796979,0.8215162208383405,0.8354963694760593,0.8616500685782092,0.8777421011889176,0.8784803142365445
92,0.42354493753629213,0.42649953936112855,0.4497633462347919,0.4909177646524307,0.5016300970144624,0.5087556421909198,0.5115539391297113,0.5184185108715743,0.5287426561119011,0.5344324069201009,0.5359335230746465,0.5619693194553916,0.5880912211931567,0.5935941111162524,0.6027546287875556,0.6797909792295914,0.6962642551671379,0.7010979398736586,0.7156759709455778,0.7354466985955594,0.8132114306796979,0.8354963694760593,0.8616500685782092,0.8777421011889176,0.8784803142365445,0.9114669668221598
93,0.42354493753629213,0.42649953936112855,0.4497633462347919,0.4909177646524307,0.5016300970144624,0.5087556421909198,0.5115539391297113,0.5184185108715743,0.5287426561119011,0.5344324069201009,0.5359335230746465,0.5619693194553916,0.5880912211931567,0.5935941111162524,0.6027546287875556,0.6797909792295914,0.6962642551671379,0.7070850193477061,0.7156759709455778,0.7354466985955594,0.8040202038726528,0.8354963694760593,0.8616500685782092,0.8777421011889176,0.8784803142365445,0.9114669668221598
94,0.42354493753629213,0.42649953936112855,0.4497633462347919,0.47664433836503695,0.4909177646524307,0.5087556421909198,0.5184185108715743,0.5287426561119011,0.5341790341774708,0.5344324069201009,0.5359335230746465,0.5619693194553916,0.5880912211931567,0.5935941111162524,0.6027546287875556,0.6797909792295914,0.6962642551671379,0.7070850193477061,0.7156759709455778,0.7354466985955594,0.8040202038726528,0.8354963694760593,0.8616500685782092,0.8777421011889176,0.8784803142365445,0.9114669668221598
95,0.42354493753629213,0.42649953936112855,0.4497633462347919,0.47664433836503695,0.4909177646524307,0.5087556421909198,0.5184185108715743,0.5287426561119011,0.5341790341774708,0.5344324069201009,0.5359335230746465,0.5619693194553916,0.5880912211931567,0.5935941111162524,0.6027546287875556,0.68512823224894,0.6962642551671379,0.7070850193477061,0.7156759709455778,0.7354466985955594,0.8040202038726528,0.8354963694760593,0.8616500685782092,0.8777421011889176,0.8784803142365445,0.914170102275166
96,0.42354493753629213,0.42649953936112855,0.4497633462347919,0.47664433836503695,0.4909177646524307,0.5087556421909198,0.5184185108715743,0.5287426561119011,0.5341790341774708,0.5344324069201009,0.5359335230746465,0.5619693194553916,0.5880912211931567,0.5935941111162524,0.6027546287875556,0.68512823224894,0.6962642551671379,0.7070850193477061,0.7156759709455778,0.7354466985955594,0.8040202038726528,0.8354963694760593,0.8616500685782092,0.8651976655532345,0.8784803142365445,0.9285893384613993
97,0.42354493753629213,0.4335383151721772,0.4497633462347919,0.47664433836503695,0.4909177646524307,0.5087556421909198,0.5184185108715743,0.5287426561119011,0.5341790341774708,0.5344324069201009,0.5359335230746465,0.5619693194553916,0.5880912211931567,0.5935941111162524,0.6027546287875556,0.68512823224894,0.691718328813323,0.7070850193477061,0.7156759709455778,0.7354466985955594,0.8040202038726528,0.8354963694760593,0.8616500685782092,0.8651976655532345,0.8784803142365445,0.9285893384613993
98,0.42354493753629213,0.4335383151721772,0.4497633462347919,0.47664433836503695,0.4909177646524307,0.5087359415469284,0.5184185108715743,0.5287426561119011,0.5341790341774708,0.5344324069201009,0.5359335230746465,0.5619693194553916,0.5881765498674895,0.5935941111162524,0.6027546287875556,0.68512823224894,0.691718328813323,0.7070850193477061,0.7156759709455778,0.7354466985955594,0.8040202038726528,0.8354963694760593,0.8616500685782092,0.8651976655532345,0.8784803142365445,0.9285893384613993
99,0.42354493753629213,0.4335383151721772,0.4497633462347919,0.47664433836503695,0.4909177646524307,0.5087359415469284,0.5184185108715743,0.5287426561119011,0.5341790341774708,0.5344324069201009,0.5359335230746465,0.5619693194553916,0.5881765498674895,0.5935941111162524,0.6027546287875556,0.691718328813323,0.7034473363847034,0.7070850193477061,0.7156759709455778,0.7354466985955594,0.8040202038726528,0.8354963694760593,0.8616500685782092,0.8651976655532345,0.8784803142365445,0.9295847262094512
100,0.42354493753629213,0.4335383151721772,0.4497633462347919,0.47664433836503695,0.4909177646524307,0.5087359415469284,0.5184185108715743,0.5287426561119011,0.5341790341774708,0.5344324069201009,0.5359335230746465,0.5619693194553916,0.5881765498674895,0.5935941111162524,0.6027546287875556,0.691718328813323,0.7034473363847034,0.7070850193477061,0.7156759709455778,0.7354466985955594,0.8040202038726528,0.8354963694760593,0.8623159956590281,0.8651976655532345,0.8775090968534539,0.9295847262094512
101,0.42354493753629213,0.4335383151721772,0.4497633462347919,0.47664433836503695,0.4909177646524307,0.5087359415469284,0.5184185108715743,0.5287426561119011,0.5341790341774708,0.5344324069201009,0.5414930396191192,0.5619693194553916,0.5881765498674895,0.5935941111162524,0.6027546287875556,0.691718328813323,0.7034473363847034,0.7070850193477061,0.7156759709455778,0.7354466985955594,0.7973098304248902,0.8354963694760593,0.8623159956590281,0.8651976655532345,0.8775090968534539,0.9295847262094512
102,0.42354493753629213,0.4335383151721772,0.4497633462347919,0.47664433836503695,0.4909177646524307,0.5087359415469284,0.5184185108715743,0.5287426561119011,0.5341790341774708,0.5344324069201009,0.5414930396191192,0.5619693194553916,0.5881765498674895,0.5935941111162524,0.6027546287875556,0.691718328813323,0.7012662863474229,0.7034473363847034,0.7156759709455778,0.7354466985955594,0.8052906456080451,0.8354963694760593,0.8623159956590281,0.8651976655532345,0.8775090968534539,0.9295847262094512
103,0.42354493753629213,0.4335383151721772,0.4497633462347919,0.47664433836503695,0.4909177646524307,0.5017426203474302,0.5087359415469284,0.5341790341774708,0.5344324069201009,0.5414930396191192,0.5444610011010309,0.5619693194553916,0.5881765498674895,0.5935941111162524,0.6027546287875556,0.691718328813323,0.7012662863474229,0.7034473363847034,0.7156759709455778,0.7354466985955594,0.8052906456080451,0.8354963694760593,0.8623159956590281,0.8651976655532345,0.8775090968534539,0.9295847262094512
104,0.42354493753629213,0.4335383151721772,0.4497633462347919,0.47664433836503695,0.4909177646524307,0.5017426203474302,0.5087359415469284,0.5341790341774708,0.5344324069201009,0.5414930396191192,0.5444610011010309,0.5619693194553916,0.5881765498674895,0.5935941111162524,0.6027546287875556,0.691718328813323,0.7012662863474229,0.7034473363847034,0.7156759709455778,0.7354466985955594,0.8052906456080451,0.8354963694760593,0.8623159956590281,0.8747028636324313,0.8775090968534539,0.9189675288248073
105,0.42354493753629213,0.4335383151721772,0.4497633462347919,0.47664433836503695,0.4909177646524307,0.5017426203474302,0.5087359415469284,0.5341790341774708,0.5344324069201009,0.5414930396191192,0.5444610011010309,0.5619693194553916,0.5913752102693566,0.5935941111162524,0.6027546287875556,0.691718328813323,0.6949021447131765,0.7034473363847034,0.7156759709455778,0.7354466985955594,0.8052906456080451,0.8354963694760593,0.8623159956590281,0.8747028636324313,0.8775090968534539,0.9189675288248073
106,0.42354493753629213,0.4335383151721772,0.4497633462347919,0.47664433836503695,0.4909177646524307,0.5017426203474302,0.5087359415469284,0.5341790341774708,0.5344324069201009,0.5414930396191192,0.5444610011010309,0.5619693194553916,0.5913752102693566,0.5935941111162524,0.6027546287875556,0.6949021447131765,0.7034473363847034,0.7156759709455778,0.7354466985955594,0.7444162068436363,0.8052906456080451,0.8354963694760593,0.8623159956590281,0.8747028636324313,0.8775090968534539,0.879948874157699
107,0.42354493753629213,0.4335383151721772,0.4497633462347919,0.47664433836503695,0.4909177646524307,0.5017426203474302,0.5087359415469284,0.5341790341774708,0.5344324069201009,0.5414930396191192,0.5444610011010309,0.5619693194553916,0.5913752102693566,0.5935941111162524,0.6027546287875556,0.6949021447131765,0.7034473363847034,0.7156759709455778,0.7354466985955594,0.7444162068436363,0.8052906456080451,0.8354963694760593,0.8600995921473338,0.8766807979444529,0.8775090968534539,0.879948874157699
108,0.42354493753629213,0.4335383151721772,0.4497633462347919,0.47664433836503695,0.4909177646524307,0.5087359415469284,0.5209717782919432,0.5258683307221619,0.5341790341774708,0.5344324069201009,0.5414930396191192,0.5619693194553916,0.5913752102693566,0.5935941111162524,0.6027546287875556,0.6949021447131765,0.7034473363847034,0.7156759709455778,0.7354466985955594,0.7444162068436363,0.8052906456080451,0.8354963694760593,0.8600995921473338,0.8766807979444529,0.8775090968534539,0.879948874157699
109,0.42354493753629213,0.4335383151721772,0.4497633462347919,0.4826958707117748,0.4909177646524307,0.5087359415469284,0.5209717782919432,0.5258683307221619,0.5341790341774708,0.5344324069201009,0.5414930396191192,0.5619693194553916,0.5913752102693566,0.5935941111162524,0.5966279235073341,0.6949021447131765,0.7034473363847034,0.7156759709455778,0.7354466985955594,0.7444162068436363,0.8052906456080451,0.8354963694760593,0.8600995921473338,0.8766807979444529,0.8775090968534539,0.879948874157699
110,0.42354493753629213,0.4335383151721772,0.4497633462347919,0.4826958707117748,0.4909177646524307,0.5087359415469284,0.5209717782919432,0.5258683307221619,0.5341790341774708,0.5344324069201009,0.5414930396191192,0.5619693194553916,0.5913752102693566,0.5935941111162524,0.5966279235073341,0.6949021447131765,0.7034473363847034,0.7156759709455778,0.7354466985955594,0.7444162068436363,0.8052906456080451,0.8354963694760593,0.8583444861642936,0.8766807979444529,0.8797344395607521,0.879948874157699
111,0.42354493753629213,0.4335383151721772,0.4497633462347919,0.4826958707117748,0.4909177646524307,0.5087359415469284,0.5209717782919432,0.5258683307221619,0.5341790341774708,0.5344324069201009,0.5414930396191192,0.5619693194553916,0.5913752102693566,0.5935941111162524,0.5966279235073341,0.6949021447131765,0.7034473363847034,0.7156759709455778,0.7337042970889248,0.7444162068436363,0.8052906456080451,0.8386424023172536,0.8583444861642936,0.8766807979444529,0.8797344395607521,0.879948874157699
112,0.42354493753629213,0.4335383151721772,0.4497633462347919,0.4826958707117748,0.4909177646524307,0.5087359415469284,0.5209717782919432,0.5258683307221619,0.5341790341774708,0.5344324069201009,0.5414930396191192,0.5619693194553916,0.5913752102693566,0.5935941111162524,0.5966279235073341,0.6949021447131765,0.7034473363847034,0.7156759709455778,0.7337042970889248,0.7444162068436363,0.8052906456080451,0.8386424023172536,0.8583444861642936,0.8736613789968218,0.8797344395607521,0.8833179400927483
113,0.42354493753629213,0.4335383151721772,0.4497633462347919,0.4826958707117748,0.4909177646524307,0.5087359415469284,0.5209717782919432,0.5258683307221619,0.5341790341774708,0.5344324069201009,0.5414930396191192,0.5619693194553916,0.5913752102693566,0.5935941111162524,0.5966279235073341,0.6949021447131765,0.7034473363847034,0.7156759709455778,0.7337042970889248,0.7499353769600399,0.7998270908943543,0.8386424023172536,0.8583444861642936,0.8736613789968218,0.8797344395607521,0.8833179400927483
114,0.42354493753629213,0.4335383151721772,0.4497633462347919,0.4826958707117748,0.4909177646524307,0.5087359415469284,0.5209717782919432,0.5258683307221619,0.5341790341774708,0.5344324069201009,0.5414930396191192,0.5619693194553916,0.5892827434787906,0.5935941111162524,0.5966279235073341,0.6949021447131765,0.7034473363847034,0.7156759709455778,0.7384856755235613,0.7499353769600399,0.7998270908943543,0.8386424023172536,0.8583444861642936,0.8736613789968218,0.8797344395607521,0.8833179400927483
115,0.42354493753629213,0.4335383151721772,0.4497633462347919,0.4826958707117748,0.4909177646524307,0.5087359415469284,0.5209717782919432,0.5258683307221619,0.5341790341774708,0.5344324069201009,0.5395048804922714,0.5619693194553916,0.5892827434787906,0.5935941111162524,0.5966279235073341,0.6949021447131765,0.7034473363847034,0.7156759709455778,0.7384856755235613,0.7499353769600399,0.7961193959618654,0.8386424023172536,0.8583444861642936,0.8736613789968218,0.8797344395607521,0.8833179400927483
116,0.42354493753629213,0.4335383151721772,0.4497633462347919,0.4826958707117748,0.4909177646524307,0.5087359415469284,0.5209717782919432,0.5258683307221619,0.5341790341774708,0.5344324069201009,0.5395048804922714,0.5616359910444975,0.5895724716717499,0.5935941111162524,0.5966279235073341,0.6949021447131765,0.7034473363847034,0.7156759709455778,0.7384856755235613,0.7499353769600399,0.7961193959618654,0.8386424023172536,0.8583444861642936,0.8736613789968218,0.8797344395607521,0.8833179400927483
117,0.42354493753629213,0.4335383151721772,0.4497633462347919,0.4826958707117748,0.4909177646524307,0.5087359415469284,0.5209717782919432,0.5258683307221619,0.5341790341774708,0.5344324069201009,0.5404295767228986,0.5616359910444975,0.5854950214118562,0.5935941111162524,0.5966279235073341,0.6949021447131765,0.7034473363847034,0.7156759709455778,0.7384856755235613,0.7499353769600399,0.7961193959618654,0.8386424023172536,0.8583444861642936,0.8736613789968218,0.8797344395607521,0.8833179400927483
118,0.42354493753629213,0.4335383151721772,0.4497633462347919,0.4826958707117748,0.4909177646524307,0.5087359415469284,0.5209717782919432,0.5258683307221619,0.5341790341774708,0.5344324069201009,0.5404295767228986,0.5616359910444975,0.5854950214118562,0.5935941111162524,0.5966279235073341,0.6949021447131765,0.7034473363847034,0.7156759709455778,0.7384856755235613,0.7499353769600399,0.7961193959618654,0.8386424023172536,0.8583444861642936,0.8723373565621245,0.8797344395607521,0.8848250358051347
119,0.42354493753629213,0.4335383151721772,0.4497633462347919,0.4826958707117748,0.4909177646524307,0.5087359415469284,0.5209717782919432,0.5258683307221619,0.5341790341774708,0.5344324069201009,0.5404295767228986,0.5616359910444975,0.5854950214118562,0.5935941111162524,0.5966279235073341,0.6949021447131765,0.7034473363847034,0.7156759709455778,0.7384856755235613,0.7438524645094783,0.8019098313083421,0.8386424023172536,0.8583444861642936,0.8723373565621245,0.8797344395607521,0.8848250358051347
120,0.42354493753629213,0.4335383151721772,0.4497633462347919,0.4826958707117748,0.4909177646524307,0.5087359415469284,0.5209717782919432,0.5258683307221619,0.5341790341774708,0.5344324069201009,0.5404295767228986,0.5616359910444975,0.5854950214118562,0.5935941111162524,0.5966279235073341,0.6949021447131765,0.7034473363847034,0.7156759709455778,0.7263239749091723,0.7438524645094783,0.8019098313083421,0.8560215991378208,0.8583444861642936,0.8723373565621245,0.8797344395607521,0.8848250358051347
121,0.42354493753629213,0.4335383151721772,0.4497633462347919,0.4826958707117748,0.4909177646524307,0.5087359415469284,0.5209717782919432,0.5258683307221619,0.5341790341774708,0.5344324069201009,0.5404295767228986,0.5616359910444975,0.5854950214118562,0.5935941111162524,0.5966279235073341,0.6949021447131765,0.7034473363847034,0.7156759709455778,0.7263239749091723,0.7438524645094783,0.7975570458688697,0.8560215991378208,0.8583444861642936,0.8723373565621245,0.8797344395607521,0.8901715007340536
122,0.42354493753629213,0.4338033053440585,0.4497633462347919,0.4826958707117748,0.4909177646524307,0.5087359415469284,0.5209717782919432,0.5258683307221619,0.5341790341774708,0.5344324069201009,0.5404295767228986,0.5616359910444975,0.5854950214118562,0.5935941111162524,0.5966279235073341,0.6949021447131765,0.7023530682732682,0.7156759709455778,0.7263239749091723,0.7438524645094783,0.7975570458688697,0.8560215991378208,0.8583444861642936,0.8723373565621245,0.8797344395607521,0.8901715007340536
123,0.42354493753629213,0.4338033053440585,0.4497633462347919,0.4826958707117748,0.4909177646524307,0.5087359415469284,0.5209717782919432,0.5258683307221619,0.5341790341774708,0.5344324069201009,0.5522359548006577,0.5616359910444975,0.5738334561448929,0.5935941111162524,0.5966279235073341,0.6949021447131765,0.7023530682732682,0.7156759709455778,0.7263239749091723,0.7438524645094783,0.7975570458688697,0.8560215991378208,0.8583444861642936,0.8723373565621245,0.8797344395607521,0.8901715007340536
124,0.42354493753629213,0.4338033053440585,0.4497633462347919,0.4826958707117748,0.4909177646524307,0.5087359415469284,0.5209717782919432,0.5258683307221619,0.5341790341774708,0.5344324069201009,0.5522359548006577,0.5616359910444975,0.5721389204529143,0.5935941111162524,0.5966279235073341,0.6949021447131765,0.7023530682732682,0.7156759709455778,0.726713876586589,0.7438524645094783,0.7975570458688697,0.8560215991378208,0.8583444861642936,0.8723373565621245,0.8797344395607521,0.8901715007340536
125,0.42354493753629213,0.4338033053440585,0.4497633462347919,0.4826958707117748,0.4909177646524307,0.5087359415469284,0.5209717782919432,0.5258683307221619,0.5341790341774708,0.5344324069201009,0.5522359548006577,0.5616359910444975,0.5721389204529143,0.5935941111162524,0.5966279235073341,0.6949021447131765,0.7023530682732682,0.7156759709455778,0.726713876586589,0.7438524645094783,0.7975570458688697,0.8560215991378208,0.8587133018824897,0.8723373565621245,0.8790854661588394,0.8901715007340536
126,0.42354493753629213,0.4338033053440585,0.4497633462347919,0.4826958707117748,0.4909177646524307,0.5087359415469284,0.5209717782919432,0.5258683307221619,0.5341790341774708,0.5344324069201009,0.5522359548006577,0.5616359910444975,0.5778291584978876,0.5935941111162524,0.5966279235073341,0.6949021447131765,0.7023530682732682,0.7156759709455778,0.7200409171563158,0.7438524645094783,0.7975570458688697,0.8560215991378208,0.8587133018824897,0.8723373565621245,0.8790854661588394,0.8901715007340536
127,0.42354493753629213,0.4497633462347919,0.4593864944040862,0.4826958707117748,0.4909177646524307,0.5087359415469284,0.5209717782919432,0.5258683307221619,0.5341790341774708,0.5344324069201009,0.5522359548006577,0.5616359910444975,0.5778291584978876,0.5935941111162524,0.5966279235073341,0.6833457229277121,0.6949021447131765,0.7156759709455778,0.7200409171563158,0.7438524645094783,0.7975570458688697,0.8560215991378208,0.8587133018824897,0.8723373565621245,0.8790854661588394,0.8901715007340536
128,0.42354493753629213,0.4497633462347919,0.4593864944040862,0.4826958707117748,0.4909177646524307,0.5087359415469284,0.5209717782919432,0.5258683307221619,0.5341790341774708,0.5344324069201009,0.54878096863609,0.5616359910444975,0.5815456378738759,0.5935941111162524,0.5966279235073341,0.6833457229277121,0.6949021447131765,0.7156759709455778,0.7200409171563158,0.7438524645094783,0.7975570458688697,0.8560215991378208,0.8587133018824897,0.8723373565621245,0.8790854661588394,0.8901715007340536
129,0.42354493753629213,0.4497633462347919,0.4593864944040862,0.4826958707117748,0.48633016520235883,0.4909177646524307,0.5087359415469284,0.5341790341774708,0.5344324069201009,0.54878096863609,0.5568572363685312,0.5616359910444975,0.5815456378738759,0.5935941111162524,0.5966279235073341,0.6833457229277121,0.6949021447131765,0.7156759709455778,0.7200409171563158,0.7438524645094783,0.7975570458688697,0.8560215991378208,0.8587133018824897,0.8723373565621245,0.8790854661588394,0.8901715007340536
130,0.42354493753629213,0.4497633462347919,0.4593864944040862,0.4826958707117748,0.48633016520235883,0.4909177646524307,0.5087359415469284,0.5341790341774708,0.5344324069201009,0.54878096863609,0.5568572363685312,0.5616359910444975,0.5935941111162524,0.5946705328578323,0.5966279235073341,0.6749468360007119,0.6833457229277121,0.7156759709455778,0.7200409171563158,0.7438524645094783,0.7975570458688697,0.8560215991378208,0.8587133018824897,0.8723373565621245,0.8790854661588394,0.8901715007340536
131,0.42354493753629213,0.4497633462347919,0.4593864944040862,0.4826958707117748,0.48633016520235883,0.4909177646524307,0.5087359415469284,0.5341790341774708,0.5344324069201009,0.54878096863609,0.5568572363685312,0.5616359910444975,0.5935941111162524,0.5946705328578323,0.5966279235073341,0.6749468360007119,0.6833457229277121,0.7156759709455778,0.7200409171563158,0.7438524645094783,0.7975570458688697,0.8560215991378208,0.8607521636660154,0.870378776169071,0.8790854661588394,0.8901715007340536
132,0.42354493753629213,0.4497633462347919,0.4593864944040862,0.4826958707117748,0.48633016520235883,0.4909177646524307,0.509914405593258,0.5341790341774708,0.5344324069201009,0.5476293155432049,0.5568572363685312,0.5616359910444975,0.5935941111162524,0.5946705328578323,0.5966279235073341,0.6749468360007119,0.6833457229277121,0.7156759709455778,0.7200409171563158,0.7438524645094783,0.7975570458688697,0.8560215991378208,0.8607521636660154,0.870378776169071,0.8790854661588394,0.8901715007340536
133,0.42354493753629213,0.4497633462347919,0.4593864944040862,0.4826958707117748,0.48633016520235883,0.4909177646524307,0.509914405593258,0.5341790341774708,0.5344324069201009,0.5476293155432049,0.5568572363685312,0.5616359910444975,0.5935941111162524,0.5946705328578323,0.5966279235073341,0.6749468360007119,0.6833457229277121,0.7156759709455778,0.7339297985599705,0.7438524645094783,0.7975570458688697,0.8362334919518519,0.8607521636660154,0.870378776169071,0.8790854661588394,0.8901715007340536
134,0.42354493753629213,0.4497633462347919,0.4593864944040862,0.4826958707117748,0.48633016520235883,0.4909177646524307,0.509914405593258,0.5341790341774708,0.5344324069201009,0.5476293155432049,0.5568572363685312,0.5616359910444975,0.5935941111162524,0.5946705328578323,0.5966279235073341,0.6749468360007119,0.6833457229277121,0.7156759709455778,0.7339297985599705,0.7438524645094783,0.7975570458688697,0.8337569164794189,0.8607521636660154,0.870378776169071,0.880691147891281,0.8901715007340536
135,0.42354493753629213,0.4351596143771316,0.4497633462347919,0.4826958707117748,0.48633016520235883,0.4909177646524307,0.509914405593258,0.5341790341774708,0.5344324069201009,0.5476293155432049,0.5568572363685312,0.5616359910444975,0.5935941111162524,0.5946705328578323,0.5966279235073341,0.6749468360007119,0.7016771991469297,0.7156759709455778,0.7339297985599705,0.7438524645094783,0.7975570458688697,0.8337569164794189,0.8607521636660154,0.870378776169071,0.880691147891281,0.8901715007340536
136,0.42354493753629213,0.4351596143771316,0.4497633462347919,0.4826958707117748,0.48633016520235883,0.4909177646524307,0.509914405593258,0.5341790341774708,0.5344324069201009,0.5476293155432049,0.5568572363685312,0.5616359910444975,0.5935941111162524,0.5946705328578323,0.5966279235073341,0.6534125452363463,0.7016771991469297,0.7301621542497357,0.7339297985599705,0.7438524645094783,0.7975570458688697,0.8337569164794189,0.8607521636660154,0.870378776169071,0.880691147891281,0.8901715007340536
137,0.42354493753629213,0.4351596143771316,0.4497633462347919,0.4826958707117748,0.48633016520235883,0.4909177646524307,0.509914405593258,0.5341790341774708,0.5344324069201009,0.5476293155432049,0.5568572363685312,0.5584984509853504,0.5935941111162524,0.5946705328578323,0.5966279235073341,0.6534125452363463,0.7016771991469297,0.7301621542497357,0.7412412661149785,0.7438524645094783,0.7975570458688697,0.8337569164794189,0.8607521636660154,0.870378776169071,0.880691147891281,0.8901715007340536
138,0.42354493753629213,0.4351596143771316,0.4497633462347919,0.47314559375518117,0.48633016520235883,0.4909177646524307,0.509914405593258,0.5341790341774708,0.5344324069201009,0.5476293155432049,0.5568572363685312,0.5584984509853504,0.5935941111162524,0.5946705328578323,0.6083515277989272,0.6534125452363463,0.7016771991469297,0.7301621542497357,0.7412412661149785,0.7438524645094783,0.7975570458688697,0.8337569164794189,0.8607521636660154,0.870378776169071,0.880691147891281,0.8901715007340536
139,0.42354493753629213,0.4351596143771316,0.4497633462347919,0.47314559375518117,0.48633016520235883,0.4909177646524307,0.509914405593258,0.5341790341774708,0.5344324069201009,0.5476293155432049,0.5568572363685312,0.5584984509853504,0.5935941111162524,0.5946705328578323,0.6083515277989272,0.6534125452363463,0.7016771991469297,0.7301621542497357,0.7412412661149785,0.7499830703595857,0.7975570458688697,0.8337569164794189,0.8607521636660154,0.870378776169071,0.880691147891281,0.8888548801326477
140,0.42354493753629213,0.4351596143771316,0.4497633462347919,0.47314559375518117,0.48633016520235883,0.4909177646524307,0.509914405593258,0.5341790341774708,0.5344324069201009,0.5476293155432049,0.5568572363685312,0.5584984509853504,0.5841695065813542,0.5935941111162524,0.6083515277989272,0.6534125452363463,0.7016771991469297,0.7301621542497357,0.7412412661149785,0.7499830703595857,0.8162250968505502,0.8337569164794189,0.8607521636660154,0.870378776169071,0.880691147891281,0.8888548801326477
141,0.42354493753629213,0.4351596143771316,0.4497633462347919,0.47314559375518117,0.48633016520235883,0.4909177646524307,0.509914405593258,0.5341790341774708,0.5344324069201009,0.5476293155432049,0.5568572363685312,0.5584984509853504,0.5780920445056614,0.5935941111162524,0.6083515277989272,0.6534125452363463,0.7016771991469297,0.7301621542497357,0.7480106325039224,0.7499830703595857,0.8162250968505502,0.8337569164794189,0.8607521636660154,0.870378776169071,0.880691147891281,0.8888548801326477
142,0.42354493753629213,0.4351596143771316,0.4497633462347919,0.47314559375518117,0.4765993680191607,0.48633016520235883,0.5255408758616984,0.5341790341774708,0.5344324069201009,0.5476293155432049,0.5568572363685312,0.5584984509853504,0.5780920445056614,0.5935941111162524,0.6083515277989272,0.6534125452363463,0.7016771991469297,0.7301621542497357,0.7480106325039224,0.7499830703595857,0.8162250968505502,0.8337569164794189,0.8607521636660154,0.870378776169071,0.880691147891281,0.8888548801326477
143,0.42354493753629213,0.4351596143771316,0.4465107451044888,0.47314559375518117,0.4765993680191607,0.48633016520235883,0.5255408758616984,0.5341790341774708,0.5388386852920451,0.5476293155432049,0.5568572363685312,0.5584984509853504,0.5780920445056614,0.5935941111162524,0.6083515277989272,0.6534125452363463,0.7016771991469297,0.7301621542497357,0.7480106325039224,0.7499830703595857,0.8162250968505502,0.8337569164794189,0.8607521636660154,0.870378776169071,0.880691147891281,0.8888548801326477
144,0.42354493753629213,0.4351596143771316,0.4465107451044888,0.47314559375518117,0.4765993680191607,0.4863772457641807,0.5255408758616984,0.5341790341774708,0.5388386852920451,0.5476293155432049,0.5568572363685312,0.5590206324683638,0.5780920445056614,0.5935941111162524,0.6083515277989272,0.6534125452363463,0.7016771991469297,0.7301621542497357,0.7480106325039224,0.7499830703595857,0.8162250968505502,0.8337569164794189,0.8607521636660154,0.870378776169071,0.880691147891281,0.8888548801326477
145,0.42354493753629213,0.4351596143771316,0.4465107451044888,0.47314559375518117,0.4765993680191607,0.4863772457641807,0.5255408758616984,0.5341790341774708,0.5388386852920451,0.5476293155432049,0.5568572363685312,0.5590206324683638,0.5780920445056614,0.5935941111162524,0.6083515277989272,0.6534125452363463,0.6951964822421454,0.7301621542497357,0.7480106325039224,0.7587272588988683,0.8162250968505502,0.8337569164794189,0.8607521636660154,0.870378776169071,0.880691147891281,0.8888548801326477
146,0.42354493753629213,0.4351596143771316,0.4465107451044888,0.47314559375518117,0.4765993680191607,0.4863772457641807,0.5255408758616984,0.5341790341774708,0.5388386852920451,0.5476293155432049,0.5568572363685312,0.5590206324683638,0.5780920445056614,0.5935941111162524,0.6083515277989272,0.6534125452363463,0.6951964822421454,0.7087417967866034,0.7480106325039224,0.7587272588988683,0.8162250968505502,0.8607521636660154,0.8655295158912181,0.870378776169071,0.880691147891281,0.8888548801326477
147,0.4033720745152247,0.42354493753629213,0.4351596143771316,0.4465107451044888,0.4765993680191607,0.4863772457641807,0.5255408758616984,0.5388386852920451,0.5476293155432049,0.5568572363685312,0.5590206324683638,0.5780920445056614,0.5935941111162524,0.6083515277989272,0.6180571587652945,0.6534125452363463,0.6951964822421454,0.7087417967866034,0.7480106325039224,0.7587272588988683,0.8162250968505502,0.8607521636660154,0.8655295158912181,0.870378776169071,0.880691147891281,0.8888548801326477
148,0.4033720745152247,0.42354493753629213,0.4351596143771316,0.4465107451044888,0.4765993680191607,0.4863772457641807,0.5255408758616984,0.5388386852920451,0.5476293155432049,0.5539391205242661,0.5618539307487733,0.5780920445056614,0.5935941111162524,0.6083515277989272,0.6180571587652945,0.6534125452363463,0.6951964822421454,0.7087417967866034,0.7480106325039224,0.7587272588988683,0.8162250968505502,0.8607521636660154,0.8655295158912181,0.870378776169071,0.880691147891281,0.8888548801326477
149,0.4033720745152247,0.42354493753629213,0.4351596143771316,0.4465107451044888,0.4765993680191607,0.4863772457641807,0.5255408758616984,0.5388386852920451,0.5476293155432049,0.5539391205242661,0.5618539307487733,0.5766454435615231,0.5935941111162524,0.6083515277989272,0.6180571587652945,0.6534125452363463,0.6951964822421454,0.7087417967866034,0.7507034281542505,0.7587272588988683,0.8162250968505502,0.8607521636660154,0.8655295158912181,0.870378776169071,0.880691147891281,0.8888548801326477
150,0.4033720745152247,0.42354493753629213,0.4351596143771316,0.4465107451044888,0.4765993680191607,0.4863772457641807,0.5255408758616984,0.5388386852920451,0.5476293155432049,0.5539391205242661,0.5618539307487733,0.5766454435615231,0.5935941111162524,0.6083515277989272,0.6180571587652945,0.6534125452363463,0.6951964822421454,0.7087417967866034,0.7507034281542505,0.7587272588988683,0.8162250968505502,0.8580101422417346,0.8607521636660154,0.870378776169071,0.8861130258166925,0.8888548801326477
151,0.42354493753629213,0.4351596143771316,0.4465107451044888,0.44689910774542596,0.4765993680191607,0.4863772457641807,0.5255408758616984,0.5388386852920451,0.5476293155432049,0.5539391205242661,0.5618539307487733,0.5703951605911283,0.5766454435615231,0.5935941111162524,0.6083515277989272,0.6534125452363463,0.6951964822421454,0.7087417967866034,0.7507034281542505,0.7587272588988683,0.8162250968505502,0.8580101422417346,0.8607521636660154,0.870378776169071,0.8861130258166925,0.8888548801326477
152,0.42354493753629213,0.4351596143771316,0.4465107451044888,0.44689910774542596,0.4765993680191607,0.4863772457641807,0.5255408758616984,0.5388386852920451,0.5476293155432049,0.5539391205242661,0.5618539307487733,0.5703951605911283,0.5766454435615231,0.5935941111162524,0.6083515277989272,0.6534125452363463,0.7087417967866034,0.7094864614296498,0.7507034281542505,0.7587272588988683,0.8162250968505502,0.8580101422417346,0.8607521636660154,0.870378776169071,0.8706388567143567,0.8861130258166925
153,0.42354493753629213,0.4351596143771316,0.4465107451044888,0.44689910774542596,0.4765993680191607,0.4863772457641807,0.5255408758616984,0.5388386852920451,0.5476293155432049,0.5539391205242661,0.5618539307487733,0.5703951605911283,0.5766454435615231,0.5935941111162524,0.6083515277989272,0.6534125452363463,0.7087417967866034,0.7094864614296498,0.7507034281542505,0.7587272588988683,0.8162250968505502,0.8580101422417346,0.8629320352394043,0.8671757571465567,0.8706388567143567,0.8861130258166925
154,0.42354493753629213,0.4351596143771316,0.4465107451044888,0.44689910774542596,0.4765993680191607,0.4863772457641807,0.5255408758616984,0.5388386852920451,0.5476293155432049,0.5539391205242661,0.5618539307487733,0.5703951605911283,0.5766454435615231,0.5935941111162524,0.6083515277989272,0.6473698034734691,0.7094864614296498,0.7203166270730595,0.7507034281542505,0.7587272588988683,0.8162250968505502,0.8580101422417346,0.8629320352394043,0.8671757571465567,0.8706388567143567,0.8861130258166925
155,0.42354493753629213,0.4351596143771316,0.4465107451044888,0.44689910774542596,0.4765993680191607,0.4863772457641807,0.5255408758616984,0.5388386852920451,0.5476293155432049,0.5539391205242661,0.5618539307487733,0.5703951605911283,0.5766454435615231,0.5935941111162524,0.6083515277989272,0.6473698034734691,0.7094864614296498,0.7203166270730595,0.7507034281542505,0.7587272588988683,0.8162250968505502,0.8580101422417346,0.8629320352394043,0.870581604485054,0.8706388567143567,0.8818606045429371
156,0.42354493753629213,0.4351596143771316,0.4465107451044888,0.44689910774542596,0.4765993680191607,0.4863772457641807,0.5255408758616984,0.5388386852920451,0.5476293155432049,0.5539391205242661,0.5618539307487733,0.5703951605911283,0.5766454435615231,0.5935941111162524,0.6083515277989272,0.6473698034734691,0.7094864614296498,0.7203166270730595,0.7507034281542505,0.7587272588988683,0.8162250968505502,0.8580101422417346,0.8629320352394043,0.8652743057708688,0.8706388567143567,0.8876935254888015
157,0.42354493753629213,0.4351596143771316,0.4465107451044888,0.4473987202412943,0.4765993680191607,0.4863772457641807,0.5255408758616984,0.5388386852920451,0.5476293155432049,0.5539391205242661,0.5618539307487733,0.5703951605911283,0.5766454435615231,0.5935941111162524,0.6033496489280187,0.6473698034734691,0.7094864614296498,0.7203166270730595,0.7507034281542505,0.7587272588988683,0.8162250968505502,0.8580101422417346,0.8629320352394043,0.8652743057708688,0.8706388567143567,0.8876935254888015
158,0.42354493753629213,0.4351596143771316,0.4465107451044888,0.4473987202412943,0.4765993680191607,0.4863772457641807,0.5255408758616984,0.5388386852920451,0.5465959950752222,0.5539391205242661,0.5618539307487733,0.5703951605911283,0.5766454435615231,0.5935941111162524,0.6033496489280187,0.6473698034734691,0.7098130603425693,0.7203166270730595,0.7507034281542505,0.7587272588988683,0.8162250968505502,0.8580101422417346,0.8629320352394043,0.8652743057708688,0.8706388567143567,0.8876935254888015
159,0.42354493753629213,0.4351596143771316,0.4465107451044888,0.4473987202412943,0.4765993680191607,0.4863772457641807,0.5255408758616984,0.5388386852920451,0.5465959950752222,0.5539391205242661,0.5618539307487733,0.5703951605911283,0.5766454435615231,0.5935941111162524,0.6033496489280187,0.6473698034734691,0.7098130603425693,0.7175359114339704,0.7507034281542505,0.7587272588988683,0.8170473908844555,0.8580101422417346,0.8629320352394043,0.8652743057708688,0.8706388567143567,0.8876935254888015
160,0.42354493753629213,0.4351596143771316,0.4465107451044888,0.4473987202412943,0.4765993680191607,0.4863772457641807,0.5255408758616984,0.5388386852920451,0.5465959950752222,0.5539391205242661,0.5618539307487733,0.5703951605911283,0.5766454435615231,0.5935941111162524,0.6033496489280187,0.6473698034734691,0.7098130603425693,0.7175359114339704,0.7507034281542505,0.7587272588988683,0.8170473908844555,0.8580101422417346,0.860793456362068,0.868071380257484,0.8706388567143567,0.8876935254888015
161,0.42354493753629213,0.4351596143771316,0.4465107451044888,0.4473987202412943,0.4765993680191607,0.4863772457641807,0.5255408758616984,0.5388386852920451,0.5465959950752222,0.5539391205242661,0.5618539307487733,0.5703951605911283,0.587249968350424,0.5935941111162524,0.6033496489280187,0.6473698034734691,0.7098130603425693,0.7175359114339704,0.7507034281542505,0.7587272588988683,0.796045175741504,0.8580101422417346,0.860793456362068,0.868071380257484,0.8706388567143567,0.8876935254888015
162,0.42354493753629213,0.4351596143771316,0.4465107451044888,0.4765993680191607,0.4863772457641807,0.5016005765743992,0.5092034776973752,0.5255408758616984,0.5388386852920451,0.5465959950752222,0.5539391205242661,0.5618539307487733,0.587249968350424,0.5935941111162524,0.6033496489280187,0.6473698034734691,0.7098130603425693,0.7175359114339704,0.7507034281542505,0.7587272588988683,0.796045175741504,0.8580101422417346,0.860793456362068,0.868071380257484,0.8706388567143567,0.8876935254888015
163,0.42354493753629213,0.4351596143771316,0.4465107451044888,0.4765993680191607,0.4863772457641807,0.5016005765743992,0.5092034776973752,0.5255408758616984,0.5388386852920451,0.5465959950752222,0.5539391205242661,0.5618539307487733,0.587249968350424,0.5935941111162524,0.6033496489280187,0.6473698034734691,0.7098130603425693,0.7192451378832727,0.7507034281542505,0.7587272588988683,0.7959328405379537,0.8580101422417346,0.860793456362068,0.868071380257484,0.8706388567143567,0.8876935254888015
164,0.42354493753629213,0.4351596143771316,0.4465107451044888,0.4765993680191607,0.4863772457641807,0.5016005765743992,0.5092034776973752,0.5255408758616984,0.5388386852920451,0.5465959950752222,0.5539391205242661,0.5618539307487733,0.587249968350424,0.5935941111162524,0.6033496489280187,0.6473698034734691,0.6932082437268897,0.7192451378832727,0.7507034281542505,0.7723437859160776,0.7959328405379537,0.8580101422417346,0.860793456362068,0.868071380257484,0.8706388567143567,0.8876935254888015
165,0.42354493753629213,0.4351596143771316,0.4465107451044888,0.4765993680191607,0.5016005765743992,0.5092034776973752,0.5118954779953461,0.5255408758616984,0.5310219936610953,0.5388386852920451,0.5465959950752222,0.5618539307487733,0.587249968350424,0.5935941111162524,0.6033496489280187,0.6473698034734691,0.6932082437268897,0.7192451378832727,0.7507034281542505,0.7723437859160776,0.7959328405379537,0.8580101422417346,0.860793456362068,0.868071380257484,0.8706388567143567,0.8876935254888015
166,0.42354493753629213,0.4351596143771316,0.4465107451044888,0.4765993680191607,0.5016005765743992,0.5092034776973752,0.5118954779953461,0.5255408758616984,0.5310219936610953,0.5388386852920451,0.5465959950752222,0.5618539307487733,0.587249968350424,0.5935941111162524,0.6033496489280187,0.6473698034734691,0.7149636558803932,0.7192451378832727,0.7507034281542505,0.7519875928495634,0.7959328405379537,0.8580101422417346,0.860793456362068,0.868071380257484,0.8706388567143567,0.8876935254888015
167,0.42354493753629213,0.4351596143771316,0.4465107451044888,0.4765993680191607,0.5016005765743992,0.5092034776973752,0.5118954779953461,0.5255408758616984,0.5310219936610953,0.5388386852920451,0.5465959950752222,0.5618539307487733,0.587249968350424,0.5935941111162524,0.6033496489280187,0.6473698034734691,0.7149636558803932,0.7192451378832727,0.7507034281542505,0.7519875928495634,0.7959328405379537,0.860793456362068,0.862310667136765,0.868071380257484,0.8706388567143567,0.8849147818028503
168,0.42354493753629213,0.4351596143771316,0.4465107451044888,0.4765993680191607,0.5016005765743992,0.5092034776973752,0.5118954779953461,0.5255408758616984,0.5310219936610953,0.5388386852920451,0.5465959950752222,0.5618539307487733,0.5935941111162524,0.6033496489280187,0.6100138933504874,0.6473698034734691,0.7149636558803932,0.7192451378832727,0.7507034281542505,0.7519875928495634,0.7625004542161959,0.860793456362068,0.862310667136765,0.868071380257484,0.8706388567143567,0.8849147818028503
169,0.42354493753629213,0.4351596143771316,0.4465107451044888,0.4765993680191607,0.5016005765743992,0.5092034776973752,0.5118954779953461,0.5255408758616984,0.5310219936610953,0.5388386852920451,0.5465959950752222,0.5618539307487733,0.5935941111162524,0.6033496489280187,0.6100138933504874,0.6473698034734691,0.7192451378832727,0.7257969761686209,0.7429836660270397,0.7507034281542505,0.7625004542161959,0.860793456362068,0.862310667136765,0.868071380257484,0.8706388567143567,0.8849147818028503
170,0.42354493753629213,0.4351596143771316,0.4465107451044888,0.4765993680191607,0.5016005765743992,0.5092034776973752,0.5118954779953461,0.5255408758616984,0.5310219936610953,0.5388386852920451,0.5534010126947776,0.5618539307487733,0.5935941111162524,0.6027924028485058,0.6033496489280187,0.6473698034734691,0.7192451378832727,0.7257969761686209,0.7429836660270397,0.7507034281542505,0.7625004542161959,0.860793456362068,0.862310667136765,0.868071380257484,0.8706388567143567,0.8849147818028503
171,0.42354493753629213,0.4388503321013942,0.4465107451044888,0.4765993680191607,0.5016005765743992,0.5092034776973752,0.5118954779953461,0.5255408758616984,0.5310219936610953,0.5388386852920451,0.5534010126947776,0.5618539307487733,0.5935941111162524,0.6027924028485058,0.6033496489280187,0.6473698034734691,0.7192451378832727,0.7257969761686209,0.7403250907141518,0.7507034281542505,0.7625004542161959,0.860793456362068,0.862310667136765,0.868071380257484,0.8706388567143567,0.8849147818028503
172,0.42354493753629213,0.4388503321013942,0.4465107451044888,0.4765993680191607,0.5016005765743992,0.5092034776973752,0.5111127322517831,0.5255408758616984,0.531206237189826,0.5388386852920451,0.5534010126947776,0.5618539307487733,0.5935941111162524,0.6027924028485058,0.6033496489280187,0.6473698034734691,0.7192451378832727,0.7257969761686209,0.7403250907141518,0.7507034281542505,0.7625004542161959,0.860793456362068,0.862310667136765,0.868071380257484,0.8706388567143567,0.8849147818028503
173,0.42354493753629213,0.4388503321013942,0.4465107451044888,0.4765993680191607,0.5016005765743992,0.5092034776973752,0.5111127322517831,0.5255408758616984,0.531206237189826,0.5388386852920451,0.5534010126947776,0.5618539307487733,0.5935941111162524,0.6027924028485058,0.6033496489280187,0.6473698034734691,0.7229699518287673,0.7257969761686209,0.7403250907141518,0.7507034281542505,0.7625004542161959,0.860793456362068,0.862310667136765,0.8668206379918278,0.868071380257484,0.8849147818028503
174,0.42354493753629213,0.4388503321013942,0.4465107451044888,0.4765993680191607,0.5016005765743992,0.5092034776973752,0.5111127322517831,0.5255408758616984,0.531206237189826,0.5388386852920451,0.5534010126947776,0.5618539307487733,0.5935941111162524,0.6027924028485058,0.6033496489280187,0.6473698034734691,0.7214530482364374,0.7257969761686209,0.7403250907141518,0.7507034281542505,0.7641944345000176,0.860793456362068,0.862310667136765,0.8668206379918278,0.868071380257484,0.8849147818028503
175,0.42354493753629213,0.4388503321013942,0.4465107451044888,0.4765993680191607,0.5016005765743992,0.5092034776973752,0.5111127322517831,0.5255408758616984,0.531206237189826,0.5388386852920451,0.5534010126947776,0.5618539307487733,0.5935941111162524,0.6027924028485058,0.6033496489280187,0.6473698034734691,0.719287806219008,0.7257969761686209,0.7403250907141518,0.7507034281542505,0.7641944345000176,0.860793456362068,0.862310667136765,0.8660223808192029,0.8668206379918278,0.8849147818028503
176,0.42354493753629213,0.4388503321013942,0.4465107451044888,0.4765993680191607,0.5016005765743992,0.5092034776973752,0.5201602121902437,0.5227186020493969,0.5255408758616984,0.5388386852920451,0.5534010126947776,0.5618539307487733,0.5935941111162524,0.6027924028485058,0.6033496489280187,0.6473698034734691,0.719287806219008,0.7257969761686209,0.7403250907141518,0.7507034281542505,0.7641944345000176,0.860793456362068,0.862310667136765,0.8660223808192029,0.8668206379918278,0.8849147818028503
177,0.42354493753629213,0.4388503321013942,0.4465107451044888,0.4765993680191607,0.5016005765743992,0.5092034776973752,0.5142703984435736,0.5255408758616984,0.5280884061106063,0.5388386852920451,0.5534010126947776,0.5618539307487733,0.5935941111162524,0.6027924028485058,0.6033496489280187,0.6473698034734691,0.719287806219008,0.7257969761686209,0.7403250907141518,0.7507034281542505,0.7641944345000176,0.860793456362068,0.862310667136765,0.8660223808192029,0.8668206379918278,0.8849147818028503
178,0.42354493753629213,0.4388503321013942,0.4465107451044888,0.4765993680191607,0.5016005765743992,0.5092034776973752,0.5201286111814373,0.5255408758616984,0.5280884061106063,0.5388386852920451,0.5534010126947776,0.5568791808729281,0.5935941111162524,0.6027924028485058,0.6033496489280187,0.6473698034734691,0.719287806219008,0.7257969761686209,0.7403250907141518,0.7507034281542505,0.7641944345000176,0.860793456362068,0.862310667136765,0.8660223808192029,0.8668206379918278,0.8849147818028503
179,0.42354493753629213,0.4388503321013942,0.4465107451044888,0.4765993680191607,0.5016005765743992,0.5092034776973752,0.5201286111814373,0.5255408758616984,0.5280884061106063,0.5388386852920451,0.5534010126947776,0.5568791808729281,0.5935941111162524,0.6027924028485058,0.6033496489280187,0.6697601252781947,0.719287806219008,0.7257969761686209,0.7403250907141518,0.7507034281542505,0.7641944345000176,0.8360942864004035,0.860793456362068,0.8660223808192029,0.8668206379918278,0.8849147818028503
180,0.42354493753629213,0.4388503321013942,0.4465107451044888,0.4765993680191607,0.5016005765743992,0.5092034776973752,0.5201286111814373,0.5237856331165184,0.5280884061106063,0.5388386852920451,0.5549359266912466,0.5568791808729281,0.5935941111162524,0.6027924028485058,0.6033496489280187,0.6697601252781947,0.719287806219008,0.7257969761686209,0.7403250907141518,0.7507034281542505,0.7641944345000176,0.8360942864004035,0.860793456362068,0.8660223808192029,0.8668206379918278,0.8849147818028503
181,0.42354493753629213,0.4388503321013942,0.4465107451044888,0.4765993680191607,0.5016005765743992,0.5092034776973752,0.5201286111814373,0.5237856331165184,0.5280884061106063,0.5388386852920451,0.5549359266912466,0.5568791808729281,0.5935941111162524,0.6027924028485058,0.6033496489280187,0.6697601252781947,0.719287806219008,0.7257969761686209,0.7403250907141518,0.7507034281542505,0.7641944345000176,0.8242328082920813,0.860793456362068,0.8660223808192029,0.8668206379918278,0.8981046114307408
182,0.42354493753629213,0.4388503321013942,0.4465107451044888,0.4765993680191607,0.5016005765743992,0.5092034776973752,0.5201286111814373,0.5237856331165184,0.5280884061106063,0.5388386852920451,0.5549359266912466,0.5568791808729281,0.5935941111162524,0.6033496489280187,0.6066917725054352,0.6697601252781947,0.719287806219008,0.7257969761686209,0.7403250907141518,0.7486742881213818,0.7641944345000176,0.8242328082920813,0.860793456362068,0.8660223808192029,0.8668206379918278,0.8981046114307408
183,0.42354493753629213,0.4388503321013942,0.4465107451044888,0.4765993680191607,0.5016005765743992,0.5092034776973752,0.5201286111814373,0.5237856331165184,0.5280884061106063,0.5388386852920451,0.5549359266912466,0.5568791808729281,0.5935941111162524,0.6033496489280187,0.6066917725054352,0.6840912252913665,0.7042185334306807,0.7257969761686209,0.7403250907141518,0.7486742881213818,0.7641944345000176,0.8242328082920813,0.860793456362068,0.8660223808192029,0.8668206379918278,0.8981046114307408
184,0.42354493753629213,0.4388503321013942,0.4465107451044888,0.4765993680191607,0.5016005765743992,0.5092034776973752,0.5201286111814373,0.5237856331165184,0.5280884061106063,0.5388386852920451,0.5445119508824877,0.5568791808729281,0.5935941111162524,0.6033496489280187,0.617288396245625,0.6840912252913665,0.7042185334306807,0.7257969761686209,0.7403250907141518,0.7486742881213818,0.7641944345000176,0.8242328082920813,0.860793456362068,0.8660223808192029,0.8668206379918278,0.8981046114307408
185,0.42354493753629213,0.4388503321013942,0.4465107451044888,0.4765993680191607,0.5016005765743992,0.5092034776973752,0.5201286111814373,0.5240021121358764,0.5280884061106063,0.5388386852920451,0.5445119508824877,0.5568791808729281,0.5935941111162524,0.6033496489280187,0.6185055469190501,0.6840912252913665,0.7042185334306807,0.7257969761686209,0.7403250907141518,0.7486742881213818,0.7641944345000176,0.8242328082920813,0.860793456362068,0.8660223808192029,0.8668206379918278,0.8981046114307408
186,0.42354493753629213,0.4388503321013942,0.4465107451044888,0.4760304790270777,0.5016005765743992,0.5092034776973752,0.5201286111814373,0.5256366175167974,0.5280884061106063,0.5388386852920451,0.5445119508824877,0.5568791808729281,0.5935941111162524,0.6033496489280187,0.6185055469190501,0.6840912252913665,0.7042185334306807,0.7257969761686209,0.7403250907141518,0.7486742881213818,0.7641944345000176,0.8242328082920813,0.860793456362068,0.8660223808192029,0.8668206379918278,0.8981046114307408
187,0.42354493753629213,0.4388503321013942,0.4465107451044888,0.4760304790270777,0.5016005765743992,0.5092034776973752,0.5201286111814373,0.5256366175167974,0.5280884061106063,0.5388386852920451,0.5445119508824877,0.5568791808729281,0.5935941111162524,0.6033496489280187,0.6185055469190501,0.6840912252913665,0.7042185334306807,0.7257969761686209,0.7403250907141518,0.7486742881213818,0.7641944345000176,0.8242328082920813,0.8584114644192454,0.8668206379918278,0.8685941758292186,0.8981046114307408
188,0.42354493753629213,0.4388503321013942,0.4465107451044888,0.46898143782907337,0.5016005765743992,0.5092034776973752,0.5201286111814373,0.5280884061106063,0.5322582288867141,0.5388386852920451,0.5445119508824877,0.5568791808729281,0.5935941111162524,0.6033496489280187,0.6185055469190501,0.6840912252913665,0.7042185334306807,0.7257969761686209,0.7403250907141518,0.7486742881213818,0.7641944345000176,0.8242328082920813,0.8584114644192454,0.8668206379918278,0.8685941758292186,0.8981046114307408
189,0.42354493753629213,0.4388503321013942,0.4465107451044888,0.46898143782907337,0.5016005765743992,0.5092034776973752,0.5201286111814373,0.5280884061106063,0.5322582288867141,0.5388386852920451,0.5445119508824877,0.5568791808729281,0.5826880237336566,0.5935941111162524,0.6033496489280187,0.6840912252913665,0.7042185334306807,0.7257969761686209,0.7403250907141518,0.7486742881213818,0.8154495705037945,0.8242328082920813,0.8584114644192454,0.8668206379918278,0.8685941758292186,0.8981046114307408
190,0.42354493753629213,0.4388503321013942,0.4465107451044888,0.46898143782907337,0.5016005765743992,0.5092034776973752,0.5201286111814373,0.5280884061106063,0.5322582288867141,0.5388386852920451,0.5445119508824877,0.5568791808729281,0.5826880237336566,0.5935941111162524,0.6033496489280187,0.6840912252913665,0.7042185334306807,0.7068109304474746,0.7403250907141518,0.7486742881213818,0.8154495705037945,0.8242328082920813,0.8584114644192454,0.8685941758292186,0.8897490234784489,0.8981046114307408
191,0.42354493753629213,0.4388503321013942,0.4465107451044888,0.46898143782907337,0.5016005765743992,0.5092034776973752,0.5115216401775716,0.5322582288867141,0.5373571885125472,0.5388386852920451,0.5445119508824877,0.5568791808729281,0.5826880237336566,0.5935941111162524,0.6033496489280187,0.6840912252913665,0.7042185334306807,0.7068109304474746,0.7403250907141518,0.7486742881213818,0.8154495705037945,0.8242328082920813,0.8584114644192454,0.8685941758292186,0.8897490234784489,0.8981046114307408
192,0.42354493753629213,0.4388503321013942,0.4465107451044888,0.46898143782907337,0.5016005765743992,0.5092034776973752,0.5115216401775716,0.5322582288867141,0.5373571885125472,0.5388386852920451,0.5445119508824877,0.5568791808729281,0.5935941111162524,0.6033496489280187,0.6108237329750579,0.6840912252913665,0.7042185334306807,0.7068109304474746,0.7403250907141518,0.7486742881213818,0.7724825781010981,0.8242328082920813,0.8584114644192454,0.8685941758292186,0.8897490234784489,0.8981046114307408
193,0.42354493753629213,0.4328668254753952,0.4465107451044888,0.46898143782907337,0.5016005765743992,0.5092034776973752,0.5115216401775716,0.5322582288867141,0.5373571885125472,0.5388386852920451,0.5445119508824877,0.5568791808729281,0.5935941111162524,0.6033496489280187,0.6108237329750579,0.6840912252913665,0.7042185334306807,0.7107315625185072,0.7403250907141518,0.7486742881213818,0.7724825781010981,0.8242328082920813,0.8584114644192454,0.8685941758292186,0.8897490234784489,0.8981046114307408
194,0.42354493753629213,0.4328668254753952,0.4465107451044888,0.46898143782907337,0.5016005765743992,0.5092034776973752,0.5115216401775716,0.5322582288867141,0.5373571885125472,0.5388386852920451,0.5445119508824877,0.5568791808729281,0.5935941111162524,0.6033496489280187,0.6108237329750579,0.6840912252913665,0.7014389932040951,0.7107315625185072,0.7403250907141518,0.7486742881213818,0.7751815406239446,0.8242328082920813,0.8584114644192454,0.8685941758292186,0.8897490234784489,0.8981046114307408
195,0.42354493753629213,0.4328668254753952,0.4465107451044888,0.46898143782907337,0.5016005765743992,0.5092034776973752,0.5115216401775716,0.5215503674591484,0.5373571885125472,0.5388386852920451,0.5561385901461315,0.5568791808729281,0.5935941111162524,0.6033496489280187,0.6108237329750579,0.6840912252913665,0.7014389932040951,0.7107315625185072,0.7403250907141518,0.7486742881213818,0.7751815406239446,0.8242328082920813,0.8584114644192454,0.8685941758292186,0.8897490234784489,0.8981046114307408
196,0.42354493753629213,0.4328668254753952,0.4465107451044888,0.46898143782907337,0.5016005765743992,0.5092034776973752,0.5115216401775716,0.5215503674591484,0.5373571885125472,0.5388386852920451,0.5561385901461315,0.5568791808729281,0.5935941111162524,0.6033496489280187,0.6108237329750579,0.6637760131318985,0.7014389932040951,0.7107315625185072,0.7403250907141518,0.7486742881213818,0.7751815406239446,0.8485337795322782,0.8584114644192454,0.8685941758292186,0.8897490234784489,0.8981046114307408
197,0.42354493753629213,0.4328668254753952,0.4465107451044888,0.46898143782907337,0.5016005765743992,0.5092034776973752,0.5115216401775716,0.5215503674591484,0.5373571885125472,0.5388386852920451,0.5561385901461315,0.5568791808729281,0.5935941111162524,0.6033496489280187,0.6108237329750579,0.6637760131318985,0.7014389932040951,0.7065817720279833,0.7403250907141518,0.7486742881213818,0.7751815406239446,0.8485337795322782,0.8584114644192454,0.8685941758292186,0.8908268442549999,0.8981046114307408
198,0.42354493753629213,0.4328668254753952,0.4465107451044888,0.46898143782907337,0.5016005765743992,0.5092034776973752,0.5115216401775716,0.5215503674591484,0.5373571885125472,0.5388386852920451,0.5561385901461315,0.5568791808729281,0.5935941111162524,0.6033496489280187,0.6108237329750579,0.6637760131318985,0.7014389932040951,0.7065817720279833,0.7403250907141518,0.7486742881213818,0.7751815406239446,0.8485337795322782,0.8548796519589126,0.8725383253754155,0.8908268442549999,0.8981046114307408
199,0.42354493753629213,0.4328668254753952,0.4465107451044888,0.46898143782907337,0.5016005765743992,0.5092034776973752,0.5115216401775716,0.5215503674591484,0.5373571885125472,0.5388386852920451,0.5561385901461315,0.5568791808729281,0.5935941111162524,0.6033496489280187,0.6108237329750579,0.6205698091660018,0.7065817720279833,0.7403250907141518,0.7485885069568731,0.7486742881213818,0.7751815406239446,0.8485337795322782,0.8548796519589126,0.8725383253754155,0.8908268442549999,0.8981046114307408
