<?xml version="1.0" encoding="UTF-8"?>
<metadata xml:lang="en"><Esri><CreaDate>20220202</CreaDate><CreaTime>14235200</CreaTime><ArcGISFormat>1.0</ArcGISFormat><SyncOnce>TRUE</SyncOnce><DataProperties><lineage><Process ToolSource="c:\program files (x86)\arcgis\desktop10.8\ArcToolbox\Toolboxes\Data Management Tools.tbx\Dissolve" Date="20220202" Time="142307">Dissolve trblk "C:\Users\Eric Wienckowski\Documents\ArcGIS\Default.gdb\trblk_Dissolve5" Congress_020222.DISTRICT # MULTI_PART DISSOLVE_LINES</Process></lineage></DataProperties></Esri></metadata>
